url;user_id;expiration_datetime
5BE7850A;d206fed0-a4f7-11e6-91a5-1fc490c5cf69;2016-11-10
7421A64;d208ac80-a4f7-11e6-91a5-1fc490c5cf69;2016-11-13
EB8911F5;d208d390-a4f7-11e6-91a5-1fc490c5cf69;2016-12-02
873AAB95;d208d391-a4f7-11e6-91a5-1fc490c5cf69;2016-12-30
A0C25CB6;d208d392-a4f7-11e6-91a5-1fc490c5cf69;2016-12-26
D302DEB;d208d393-a4f7-11e6-91a5-1fc490c5cf69;2016-11-22
4EEC084A;d208d394-a4f7-11e6-91a5-1fc490c5cf69;2016-12-04
7555A78A;d208d395-a4f7-11e6-91a5-1fc490c5cf69;2016-12-16
6EABB8AF;d208d396-a4f7-11e6-91a5-1fc490c5cf69;2016-12-06
CAE010A4;d208d397-a4f7-11e6-91a5-1fc490c5cf69;2016-11-17
9DC63B16;d208d398-a4f7-11e6-91a5-1fc490c5cf69;2016-11-02
EDF9E1E8;d208d399-a4f7-11e6-91a5-1fc490c5cf69;2016-12-31
A7A9D552;d208d39a-a4f7-11e6-91a5-1fc490c5cf69;2016-12-13
8EC7B8B5;d208d39b-a4f7-11e6-91a5-1fc490c5cf69;2016-12-13
F170F6A8;d208d39c-a4f7-11e6-91a5-1fc490c5cf69;2016-12-23
F78FA689;d208d39d-a4f7-11e6-91a5-1fc490c5cf69;2016-11-09
357DBE1C;d208d39e-a4f7-11e6-91a5-1fc490c5cf69;2016-12-10
8680683E;d208faa0-a4f7-11e6-91a5-1fc490c5cf69;2016-12-02
BD4E006D;d208faa1-a4f7-11e6-91a5-1fc490c5cf69;2016-11-23
C1DF17BF;d208faa2-a4f7-11e6-91a5-1fc490c5cf69;2016-12-15
86A0A17F;d208faa3-a4f7-11e6-91a5-1fc490c5cf69;2016-12-03
95F5990;d208faa4-a4f7-11e6-91a5-1fc490c5cf69;2016-12-12
29C38FC4;d208faa5-a4f7-11e6-91a5-1fc490c5cf69;2016-12-24
366974C5;d208faa6-a4f7-11e6-91a5-1fc490c5cf69;2016-12-26
D0DBFF8F;d208faa7-a4f7-11e6-91a5-1fc490c5cf69;2016-11-13
E1B6B1C3;d208faa8-a4f7-11e6-91a5-1fc490c5cf69;2016-11-20
9AA968D1;d208faa9-a4f7-11e6-91a5-1fc490c5cf69;2016-12-06
B54DFA55;d208faaa-a4f7-11e6-91a5-1fc490c5cf69;2016-11-12
CBA966D5;d208faab-a4f7-11e6-91a5-1fc490c5cf69;2016-12-14
B71EA6E9;d208faac-a4f7-11e6-91a5-1fc490c5cf69;2016-11-14
CEF4A94F;d208faad-a4f7-11e6-91a5-1fc490c5cf69;2016-12-06
B8790A79;d208faae-a4f7-11e6-91a5-1fc490c5cf69;2016-11-26
74DF5FF8;d208faaf-a4f7-11e6-91a5-1fc490c5cf69;2016-12-18
31280223;d208fab0-a4f7-11e6-91a5-1fc490c5cf69;2016-12-01
B76AF4A7;d208fab1-a4f7-11e6-91a5-1fc490c5cf69;2016-11-18
AFBB4839;d208fab2-a4f7-11e6-91a5-1fc490c5cf69;2016-12-16
5B3AB4CD;d208fab3-a4f7-11e6-91a5-1fc490c5cf69;2016-11-08
C15F56BF;d208fab4-a4f7-11e6-91a5-1fc490c5cf69;2016-12-24
A0BAC16E;d208fab5-a4f7-11e6-91a5-1fc490c5cf69;2016-11-02
4A83142F;d208fab6-a4f7-11e6-91a5-1fc490c5cf69;2016-12-23
A54BB306;d208fab7-a4f7-11e6-91a5-1fc490c5cf69;2016-11-10
37C85E4C;d208fab8-a4f7-11e6-91a5-1fc490c5cf69;2016-12-30
757AE8FF;d208fab9-a4f7-11e6-91a5-1fc490c5cf69;2016-12-23
68498BA6;d208faba-a4f7-11e6-91a5-1fc490c5cf69;2016-11-30
DAD19F25;d208fabb-a4f7-11e6-91a5-1fc490c5cf69;2016-11-11
E363FF7F;d208fabc-a4f7-11e6-91a5-1fc490c5cf69;2016-12-29
DD3A33BA;d208fabd-a4f7-11e6-91a5-1fc490c5cf69;2016-11-18
AAB1DCA;d208fabe-a4f7-11e6-91a5-1fc490c5cf69;2016-12-19
16E117A0;d208fabf-a4f7-11e6-91a5-1fc490c5cf69;2016-12-31
80C5E0AA;d208fac0-a4f7-11e6-91a5-1fc490c5cf69;2016-12-08
567B74D1;d208fac1-a4f7-11e6-91a5-1fc490c5cf69;2016-11-01
F9A8FEFA;d208fac2-a4f7-11e6-91a5-1fc490c5cf69;2016-11-16
F4ED54F3;d208fac3-a4f7-11e6-91a5-1fc490c5cf69;2016-11-23
900BB9;d208fac4-a4f7-11e6-91a5-1fc490c5cf69;2016-12-19
365CDC46;d208fac5-a4f7-11e6-91a5-1fc490c5cf69;2016-11-23
91E7A0B5;d208fac6-a4f7-11e6-91a5-1fc490c5cf69;2016-12-03
FF1F5F2C;d208fac7-a4f7-11e6-91a5-1fc490c5cf69;2016-12-18
2D12EC96;d208fac8-a4f7-11e6-91a5-1fc490c5cf69;2016-11-23
1F0439F0;d208fac9-a4f7-11e6-91a5-1fc490c5cf69;2016-12-02
D53986D6;d208faca-a4f7-11e6-91a5-1fc490c5cf69;2016-11-12
58F611F0;d208facb-a4f7-11e6-91a5-1fc490c5cf69;2016-12-20
E749C340;d208facc-a4f7-11e6-91a5-1fc490c5cf69;2016-11-02
6616FE66;d208facd-a4f7-11e6-91a5-1fc490c5cf69;2016-12-11
D86187AC;d208face-a4f7-11e6-91a5-1fc490c5cf69;2016-12-31
1B16ACA4;d208facf-a4f7-11e6-91a5-1fc490c5cf69;2016-11-05
829FF6A4;d20921b0-a4f7-11e6-91a5-1fc490c5cf69;2016-12-26
1AFAF9B5;d20921b1-a4f7-11e6-91a5-1fc490c5cf69;2016-12-28
8959968A;d20921b2-a4f7-11e6-91a5-1fc490c5cf69;2016-11-11
4879D34B;d20921b3-a4f7-11e6-91a5-1fc490c5cf69;2016-12-30
44785394;d20921b4-a4f7-11e6-91a5-1fc490c5cf69;2016-11-26
5EAA0C7D;d20921b5-a4f7-11e6-91a5-1fc490c5cf69;2016-11-30
87CA99D1;d20921b6-a4f7-11e6-91a5-1fc490c5cf69;2016-11-03
F61E22E4;d20921b7-a4f7-11e6-91a5-1fc490c5cf69;2016-12-03
39E73D63;d20921b8-a4f7-11e6-91a5-1fc490c5cf69;2016-12-10
A20FC043;d20921b9-a4f7-11e6-91a5-1fc490c5cf69;2016-11-25
BB21DC06;d20921ba-a4f7-11e6-91a5-1fc490c5cf69;2016-11-11
84F4D313;d20921bb-a4f7-11e6-91a5-1fc490c5cf69;2016-11-23
E981E64C;d20921bc-a4f7-11e6-91a5-1fc490c5cf69;2016-12-12
5D4D734F;d20921bd-a4f7-11e6-91a5-1fc490c5cf69;2016-11-15
F13B436A;d20921be-a4f7-11e6-91a5-1fc490c5cf69;2016-12-19
DCA77232;d20921bf-a4f7-11e6-91a5-1fc490c5cf69;2016-11-04
DECFC8FB;d20921c0-a4f7-11e6-91a5-1fc490c5cf69;2016-11-17
B051C9F3;d20921c1-a4f7-11e6-91a5-1fc490c5cf69;2016-11-20
BF4D6C4;d20921c2-a4f7-11e6-91a5-1fc490c5cf69;2016-12-09
ED789D84;d20921c3-a4f7-11e6-91a5-1fc490c5cf69;2016-12-20
C067A619;d20921c4-a4f7-11e6-91a5-1fc490c5cf69;2016-12-08
77A933D2;d20921c5-a4f7-11e6-91a5-1fc490c5cf69;2016-11-20
4B82D931;d20921c6-a4f7-11e6-91a5-1fc490c5cf69;2016-12-03
65C86638;d20921c7-a4f7-11e6-91a5-1fc490c5cf69;2016-11-23
1038612A;d20921c8-a4f7-11e6-91a5-1fc490c5cf69;2016-12-11
CE0530B1;d20921c9-a4f7-11e6-91a5-1fc490c5cf69;2016-11-11
40DBC6ED;d20921ca-a4f7-11e6-91a5-1fc490c5cf69;2016-11-04
B3703930;d20921cb-a4f7-11e6-91a5-1fc490c5cf69;2016-12-22
8403BA93;d20921cc-a4f7-11e6-91a5-1fc490c5cf69;2016-12-10
C292B848;d20921cd-a4f7-11e6-91a5-1fc490c5cf69;2016-11-13
C6A11700;d20921ce-a4f7-11e6-91a5-1fc490c5cf69;2016-11-10
B509825F;d20921cf-a4f7-11e6-91a5-1fc490c5cf69;2016-12-04
F7E0B736;d20921d0-a4f7-11e6-91a5-1fc490c5cf69;2016-12-29
7E5384F6;d20921d1-a4f7-11e6-91a5-1fc490c5cf69;2016-11-05
2FE61353;d20921d2-a4f7-11e6-91a5-1fc490c5cf69;2016-12-17
207B2A90;d20921d3-a4f7-11e6-91a5-1fc490c5cf69;2016-12-30
293AD0B6;d20921d4-a4f7-11e6-91a5-1fc490c5cf69;2016-12-23
6ED1934C;d20921d5-a4f7-11e6-91a5-1fc490c5cf69;2016-12-04
422D1E0A;d20921d6-a4f7-11e6-91a5-1fc490c5cf69;2016-11-08
2F638BD9;d20921d7-a4f7-11e6-91a5-1fc490c5cf69;2016-11-26
3D01C281;d20921d8-a4f7-11e6-91a5-1fc490c5cf69;2016-12-18
91DC3D5C;d20921d9-a4f7-11e6-91a5-1fc490c5cf69;2017-01-01
FAFECFAA;d20921da-a4f7-11e6-91a5-1fc490c5cf69;2016-11-13
67B34E7A;d20921db-a4f7-11e6-91a5-1fc490c5cf69;2016-12-07
C1F7CD04;d20921dc-a4f7-11e6-91a5-1fc490c5cf69;2016-12-04
C3D20681;d20921dd-a4f7-11e6-91a5-1fc490c5cf69;2016-11-16
843BD4C2;d20948c0-a4f7-11e6-91a5-1fc490c5cf69;2016-11-25
68750587;d20948c1-a4f7-11e6-91a5-1fc490c5cf69;2016-11-17
A40613B6;d20948c2-a4f7-11e6-91a5-1fc490c5cf69;2016-11-17
9903205E;d20948c3-a4f7-11e6-91a5-1fc490c5cf69;2016-12-11
70A872F;d20948c4-a4f7-11e6-91a5-1fc490c5cf69;2016-12-22
33BD77F2;d20948c5-a4f7-11e6-91a5-1fc490c5cf69;2016-12-24
335B8A29;d20948c6-a4f7-11e6-91a5-1fc490c5cf69;2016-12-05
FA1264B9;d20948c7-a4f7-11e6-91a5-1fc490c5cf69;2016-12-10
26C07D62;d20948c8-a4f7-11e6-91a5-1fc490c5cf69;2016-12-21
685ED545;d20948c9-a4f7-11e6-91a5-1fc490c5cf69;2016-12-06
9DD2330E;d20948ca-a4f7-11e6-91a5-1fc490c5cf69;2016-12-12
59CBC38B;d20948cb-a4f7-11e6-91a5-1fc490c5cf69;2016-11-19
992418F7;d20948cc-a4f7-11e6-91a5-1fc490c5cf69;2016-12-01
1AA47B3B;d20948cd-a4f7-11e6-91a5-1fc490c5cf69;2016-11-09
2491D620;d20948ce-a4f7-11e6-91a5-1fc490c5cf69;2016-12-25
D42EF816;d20948cf-a4f7-11e6-91a5-1fc490c5cf69;2016-12-15
21200CFB;d20948d0-a4f7-11e6-91a5-1fc490c5cf69;2016-11-08
AC8DDFA2;d20948d1-a4f7-11e6-91a5-1fc490c5cf69;2016-12-13
94BC9874;d20948d2-a4f7-11e6-91a5-1fc490c5cf69;2016-12-04
B6929B00;d20948d3-a4f7-11e6-91a5-1fc490c5cf69;2016-12-06
BC4413C9;d20948d4-a4f7-11e6-91a5-1fc490c5cf69;2016-11-27
8CA4CA7C;d20996e0-a4f7-11e6-91a5-1fc490c5cf69;2016-11-03
80A3832E;d20996e1-a4f7-11e6-91a5-1fc490c5cf69;2016-12-29
363B3169;d20996e2-a4f7-11e6-91a5-1fc490c5cf69;2016-12-21
1642FBBD;d20996e3-a4f7-11e6-91a5-1fc490c5cf69;2016-11-04
7B93B2B9;d20996e4-a4f7-11e6-91a5-1fc490c5cf69;2017-01-01
950A3003;d20996e5-a4f7-11e6-91a5-1fc490c5cf69;2016-11-06
23491495;d20996e6-a4f7-11e6-91a5-1fc490c5cf69;2016-11-29
65D9B619;d20996e7-a4f7-11e6-91a5-1fc490c5cf69;2016-12-03
C6651303;d20996e8-a4f7-11e6-91a5-1fc490c5cf69;2016-11-20
2A6A7624;d20996e9-a4f7-11e6-91a5-1fc490c5cf69;2016-11-02
310961EA;d20996ea-a4f7-11e6-91a5-1fc490c5cf69;2016-11-17
2040C7DD;d20996eb-a4f7-11e6-91a5-1fc490c5cf69;2016-12-05
A5C0AB7D;d20996ec-a4f7-11e6-91a5-1fc490c5cf69;2016-12-23
6FF2F14A;d20996ed-a4f7-11e6-91a5-1fc490c5cf69;2016-12-19
DB3C02D9;d20996ee-a4f7-11e6-91a5-1fc490c5cf69;2016-11-17
1F94F86;d20996ef-a4f7-11e6-91a5-1fc490c5cf69;2016-12-29
F82BB240;d20996f0-a4f7-11e6-91a5-1fc490c5cf69;2016-11-17
64AA350E;d20996f1-a4f7-11e6-91a5-1fc490c5cf69;2016-11-18
988D1894;d20996f2-a4f7-11e6-91a5-1fc490c5cf69;2016-11-17
6B3A0CFC;d20996f3-a4f7-11e6-91a5-1fc490c5cf69;2016-12-24
34E53455;d20996f4-a4f7-11e6-91a5-1fc490c5cf69;2016-11-23
2A2660C2;d20996f5-a4f7-11e6-91a5-1fc490c5cf69;2016-12-02
BE587EEE;d20996f6-a4f7-11e6-91a5-1fc490c5cf69;2016-11-13
D28602FF;d20996f7-a4f7-11e6-91a5-1fc490c5cf69;2016-12-01
EE429F30;d20996f8-a4f7-11e6-91a5-1fc490c5cf69;2016-12-22
A07BD70E;d20996f9-a4f7-11e6-91a5-1fc490c5cf69;2016-11-28
F7DC2328;d20996fa-a4f7-11e6-91a5-1fc490c5cf69;2016-11-17
F35A171;d20996fb-a4f7-11e6-91a5-1fc490c5cf69;2016-11-25
4040587D;d20996fc-a4f7-11e6-91a5-1fc490c5cf69;2016-11-07
5CD2D9C7;d20996fd-a4f7-11e6-91a5-1fc490c5cf69;2016-11-01
9C68BFCD;d20996fe-a4f7-11e6-91a5-1fc490c5cf69;2016-11-10
CF5FFAF6;d20996ff-a4f7-11e6-91a5-1fc490c5cf69;2016-12-30
FB7A4ED6;d2099700-a4f7-11e6-91a5-1fc490c5cf69;2016-12-19
7C56B6A;d2099701-a4f7-11e6-91a5-1fc490c5cf69;2016-12-21
7A7E6DCD;d2099702-a4f7-11e6-91a5-1fc490c5cf69;2016-12-04
CBA37F23;d2099703-a4f7-11e6-91a5-1fc490c5cf69;2016-12-17
95CDC0C5;d2099704-a4f7-11e6-91a5-1fc490c5cf69;2016-12-07
2AB10E41;d2099705-a4f7-11e6-91a5-1fc490c5cf69;2016-12-30
A85B8F8A;d2099706-a4f7-11e6-91a5-1fc490c5cf69;2016-12-22
7089BD5C;d2099707-a4f7-11e6-91a5-1fc490c5cf69;2016-11-29
775D96B9;d2099708-a4f7-11e6-91a5-1fc490c5cf69;2016-11-06
FBA9B5D2;d2099709-a4f7-11e6-91a5-1fc490c5cf69;2016-12-11
268F912D;d209970a-a4f7-11e6-91a5-1fc490c5cf69;2016-11-03
478180CC;d209970b-a4f7-11e6-91a5-1fc490c5cf69;2016-11-21
B81E2715;d209970c-a4f7-11e6-91a5-1fc490c5cf69;2016-12-15
F22C999E;d209970d-a4f7-11e6-91a5-1fc490c5cf69;2016-12-22
519C8078;d209970e-a4f7-11e6-91a5-1fc490c5cf69;2016-11-11
723FF289;d209970f-a4f7-11e6-91a5-1fc490c5cf69;2016-12-10
8C9E3461;d2099710-a4f7-11e6-91a5-1fc490c5cf69;2016-11-24
62014898;d2099711-a4f7-11e6-91a5-1fc490c5cf69;2016-12-18
9B69CF27;d2099712-a4f7-11e6-91a5-1fc490c5cf69;2016-11-24
A39426F4;d2099713-a4f7-11e6-91a5-1fc490c5cf69;2016-12-18
E16507AF;d2099714-a4f7-11e6-91a5-1fc490c5cf69;2016-12-13
60953317;d2099715-a4f7-11e6-91a5-1fc490c5cf69;2016-11-16
27B16D7A;d2099716-a4f7-11e6-91a5-1fc490c5cf69;2016-11-13
4FED2B6C;d2099717-a4f7-11e6-91a5-1fc490c5cf69;2016-11-27
E0115DCC;d2099718-a4f7-11e6-91a5-1fc490c5cf69;2016-12-05
2B05233B;d2099719-a4f7-11e6-91a5-1fc490c5cf69;2016-12-26
94A6C1EC;d209971a-a4f7-11e6-91a5-1fc490c5cf69;2016-12-14
C3F847D3;d209971b-a4f7-11e6-91a5-1fc490c5cf69;2016-11-04
72D5C2A5;d209971c-a4f7-11e6-91a5-1fc490c5cf69;2016-12-15
F8C58444;d209971d-a4f7-11e6-91a5-1fc490c5cf69;2016-12-28
8D31BA51;d209971e-a4f7-11e6-91a5-1fc490c5cf69;2016-12-04
B37EA9B8;d209971f-a4f7-11e6-91a5-1fc490c5cf69;2016-12-16
439F0B2C;d2099720-a4f7-11e6-91a5-1fc490c5cf69;2016-12-22
48F4AA8D;d2099721-a4f7-11e6-91a5-1fc490c5cf69;2016-11-05
1D9AE0D7;d2099722-a4f7-11e6-91a5-1fc490c5cf69;2016-12-25
2503AD66;d2099723-a4f7-11e6-91a5-1fc490c5cf69;2016-11-06
26529BD7;d2099724-a4f7-11e6-91a5-1fc490c5cf69;2017-01-01
468E2E8D;d2099725-a4f7-11e6-91a5-1fc490c5cf69;2016-11-01
767BF0C9;d2099726-a4f7-11e6-91a5-1fc490c5cf69;2016-11-05
AF4DE00E;d2099727-a4f7-11e6-91a5-1fc490c5cf69;2016-12-26
41EA8713;d2099728-a4f7-11e6-91a5-1fc490c5cf69;2016-12-19
E741DCCB;d2099729-a4f7-11e6-91a5-1fc490c5cf69;2016-12-31
7450727;d209972a-a4f7-11e6-91a5-1fc490c5cf69;2016-11-12
EE8C7C48;d209bdf0-a4f7-11e6-91a5-1fc490c5cf69;2016-11-13
5A1BC764;d209bdf1-a4f7-11e6-91a5-1fc490c5cf69;2016-12-28
898D409F;d209bdf2-a4f7-11e6-91a5-1fc490c5cf69;2016-11-16
E2C0EAD7;d209bdf3-a4f7-11e6-91a5-1fc490c5cf69;2016-11-11
94E59413;d209bdf4-a4f7-11e6-91a5-1fc490c5cf69;2016-12-30
DD59FACE;d209bdf5-a4f7-11e6-91a5-1fc490c5cf69;2016-12-23
3929862F;d209bdf6-a4f7-11e6-91a5-1fc490c5cf69;2016-12-23
9DB02532;d209bdf7-a4f7-11e6-91a5-1fc490c5cf69;2016-12-05
C9412F38;d209bdf8-a4f7-11e6-91a5-1fc490c5cf69;2016-12-15
9169B80C;d209bdf9-a4f7-11e6-91a5-1fc490c5cf69;2016-12-19
9B01A191;d209bdfa-a4f7-11e6-91a5-1fc490c5cf69;2016-11-13
471381D3;d209bdfb-a4f7-11e6-91a5-1fc490c5cf69;2016-12-30
D9E9CABF;d209bdfc-a4f7-11e6-91a5-1fc490c5cf69;2016-12-27
57441D0C;d209bdfd-a4f7-11e6-91a5-1fc490c5cf69;2016-11-18
54F87E83;d209bdfe-a4f7-11e6-91a5-1fc490c5cf69;2016-12-27
643A8243;d209bdff-a4f7-11e6-91a5-1fc490c5cf69;2016-12-27
D08C0645;d209be00-a4f7-11e6-91a5-1fc490c5cf69;2016-12-19
1D9748CD;d209be01-a4f7-11e6-91a5-1fc490c5cf69;2016-11-19
11987AF4;d209be02-a4f7-11e6-91a5-1fc490c5cf69;2016-12-10
7E92F65C;d209be03-a4f7-11e6-91a5-1fc490c5cf69;2016-11-22
77199F1B;d209be04-a4f7-11e6-91a5-1fc490c5cf69;2016-12-29
ADFD7DC;d209be05-a4f7-11e6-91a5-1fc490c5cf69;2016-12-19
E5DB737;d209be06-a4f7-11e6-91a5-1fc490c5cf69;2016-11-25
B288AB69;d209be07-a4f7-11e6-91a5-1fc490c5cf69;2016-11-27
6C8507C9;d209be08-a4f7-11e6-91a5-1fc490c5cf69;2016-12-18
93815593;d209be09-a4f7-11e6-91a5-1fc490c5cf69;2016-12-06
3ACD4CD9;d209be0a-a4f7-11e6-91a5-1fc490c5cf69;2016-12-06
2F90D2D5;d209be0b-a4f7-11e6-91a5-1fc490c5cf69;2016-12-06
2E7E2B8B;d209be0c-a4f7-11e6-91a5-1fc490c5cf69;2016-12-08
68051D11;d209be0d-a4f7-11e6-91a5-1fc490c5cf69;2016-12-30
6346E348;d209be0e-a4f7-11e6-91a5-1fc490c5cf69;2016-12-15
47DD371D;d209be0f-a4f7-11e6-91a5-1fc490c5cf69;2016-12-09
ED16F26F;d209be10-a4f7-11e6-91a5-1fc490c5cf69;2016-11-21
8981467F;d209be11-a4f7-11e6-91a5-1fc490c5cf69;2016-11-28
1C32905;d209be12-a4f7-11e6-91a5-1fc490c5cf69;2016-11-08
7C2EDC73;d209be13-a4f7-11e6-91a5-1fc490c5cf69;2016-12-27
ABD0CD85;d209be14-a4f7-11e6-91a5-1fc490c5cf69;2016-12-17
1CB355FB;d209be15-a4f7-11e6-91a5-1fc490c5cf69;2016-11-09
BE44F6B1;d209be16-a4f7-11e6-91a5-1fc490c5cf69;2016-12-29
B64236E8;d209be17-a4f7-11e6-91a5-1fc490c5cf69;2016-12-05
476CF250;d209be18-a4f7-11e6-91a5-1fc490c5cf69;2016-11-15
8856095;d209be19-a4f7-11e6-91a5-1fc490c5cf69;2016-12-09
EB13B473;d209be1a-a4f7-11e6-91a5-1fc490c5cf69;2016-12-26
580C8409;d209be1b-a4f7-11e6-91a5-1fc490c5cf69;2016-11-01
1B2E963;d209be1c-a4f7-11e6-91a5-1fc490c5cf69;2016-12-19
13FDF6F2;d209be1d-a4f7-11e6-91a5-1fc490c5cf69;2016-11-07
427D60DF;d209be1e-a4f7-11e6-91a5-1fc490c5cf69;2016-11-03
76316F42;d209be1f-a4f7-11e6-91a5-1fc490c5cf69;2016-11-15
EE889299;d209be20-a4f7-11e6-91a5-1fc490c5cf69;2016-11-17
11CF0C2D;d209be21-a4f7-11e6-91a5-1fc490c5cf69;2016-12-04
16114C20;d209be22-a4f7-11e6-91a5-1fc490c5cf69;2017-01-01
4845F8E7;d209be23-a4f7-11e6-91a5-1fc490c5cf69;2016-11-29
C567B267;d209be24-a4f7-11e6-91a5-1fc490c5cf69;2016-12-26
6FC8ED23;d209be25-a4f7-11e6-91a5-1fc490c5cf69;2016-12-17
414589C9;d209be26-a4f7-11e6-91a5-1fc490c5cf69;2016-11-26
3F8FA443;d209be27-a4f7-11e6-91a5-1fc490c5cf69;2016-11-15
888AA2F5;d209be28-a4f7-11e6-91a5-1fc490c5cf69;2016-12-19
9A34E352;d209be29-a4f7-11e6-91a5-1fc490c5cf69;2016-12-25
FE363324;d209be2a-a4f7-11e6-91a5-1fc490c5cf69;2016-11-15
AE996E63;d209be2b-a4f7-11e6-91a5-1fc490c5cf69;2016-12-06
439D35EE;d209be2c-a4f7-11e6-91a5-1fc490c5cf69;2016-11-24
83CCC5B1;d209be2d-a4f7-11e6-91a5-1fc490c5cf69;2016-12-05
653E1660;d209be2e-a4f7-11e6-91a5-1fc490c5cf69;2016-11-04
6C2191A5;d209be2f-a4f7-11e6-91a5-1fc490c5cf69;2016-11-03
6E977E78;d209be30-a4f7-11e6-91a5-1fc490c5cf69;2016-12-31
31E4F811;d209be31-a4f7-11e6-91a5-1fc490c5cf69;2016-12-08
BC11CC9E;d209be32-a4f7-11e6-91a5-1fc490c5cf69;2016-12-29
E61FF3FF;d209be33-a4f7-11e6-91a5-1fc490c5cf69;2016-12-31
AF54C0CF;d209be34-a4f7-11e6-91a5-1fc490c5cf69;2016-11-10
B8D39D9F;d209be35-a4f7-11e6-91a5-1fc490c5cf69;2016-12-06
A4E337C5;d209be36-a4f7-11e6-91a5-1fc490c5cf69;2016-11-27
DC4C994E;d209be37-a4f7-11e6-91a5-1fc490c5cf69;2016-11-26
B4335CA4;d209be38-a4f7-11e6-91a5-1fc490c5cf69;2016-11-04
A7323AAF;d209be39-a4f7-11e6-91a5-1fc490c5cf69;2016-12-17
9D920014;d209be3a-a4f7-11e6-91a5-1fc490c5cf69;2016-11-17
FA07CF5E;d209be3b-a4f7-11e6-91a5-1fc490c5cf69;2016-11-19
20CF47BF;d209be3c-a4f7-11e6-91a5-1fc490c5cf69;2016-12-08
5D65B928;d209be3d-a4f7-11e6-91a5-1fc490c5cf69;2016-12-22
9D23DF0D;d209be3e-a4f7-11e6-91a5-1fc490c5cf69;2016-12-22
D59FC74B;d209be3f-a4f7-11e6-91a5-1fc490c5cf69;2016-12-25
8DB83436;d209be40-a4f7-11e6-91a5-1fc490c5cf69;2016-11-17
B68743CF;d209be41-a4f7-11e6-91a5-1fc490c5cf69;2016-11-04
243110E9;d209be42-a4f7-11e6-91a5-1fc490c5cf69;2016-11-19
7AA093BE;d209be43-a4f7-11e6-91a5-1fc490c5cf69;2016-12-23
DED5C230;d209be44-a4f7-11e6-91a5-1fc490c5cf69;2016-11-03
F9B0FDA8;d209be45-a4f7-11e6-91a5-1fc490c5cf69;2016-11-06
B8ED8F39;d209be46-a4f7-11e6-91a5-1fc490c5cf69;2016-11-28
46F5B2A5;d209be47-a4f7-11e6-91a5-1fc490c5cf69;2016-12-10
EE4B2DE6;d209be48-a4f7-11e6-91a5-1fc490c5cf69;2016-11-21
6B43711;d209be49-a4f7-11e6-91a5-1fc490c5cf69;2016-11-29
3F040F54;d209be4a-a4f7-11e6-91a5-1fc490c5cf69;2016-11-23
8F6A21E0;d209be4b-a4f7-11e6-91a5-1fc490c5cf69;2016-11-24
A529C289;d209be4c-a4f7-11e6-91a5-1fc490c5cf69;2016-11-16
79C359BE;d209be4d-a4f7-11e6-91a5-1fc490c5cf69;2016-12-29
FA7EC19D;d209e500-a4f7-11e6-91a5-1fc490c5cf69;2016-11-04
DDD3A0B7;d209e501-a4f7-11e6-91a5-1fc490c5cf69;2016-12-12
4016F8DF;d209e502-a4f7-11e6-91a5-1fc490c5cf69;2016-11-28
1ABB0151;d209e503-a4f7-11e6-91a5-1fc490c5cf69;2016-11-08
D0AF76B7;d209e504-a4f7-11e6-91a5-1fc490c5cf69;2016-11-10
61F712E6;d209e505-a4f7-11e6-91a5-1fc490c5cf69;2016-12-23
A6423444;d209e506-a4f7-11e6-91a5-1fc490c5cf69;2016-11-09
BE0C707;d209e507-a4f7-11e6-91a5-1fc490c5cf69;2016-12-30
E7C9D457;d209e508-a4f7-11e6-91a5-1fc490c5cf69;2016-12-13
9BFC943B;d209e509-a4f7-11e6-91a5-1fc490c5cf69;2016-12-11
9F6F52AD;d209e50a-a4f7-11e6-91a5-1fc490c5cf69;2016-11-10
73A67208;d209e50b-a4f7-11e6-91a5-1fc490c5cf69;2016-12-18
3A31581C;d209e50c-a4f7-11e6-91a5-1fc490c5cf69;2016-11-08
29941705;d209e50d-a4f7-11e6-91a5-1fc490c5cf69;2016-11-10
C93E2732;d209e50e-a4f7-11e6-91a5-1fc490c5cf69;2016-11-25
62566D5;d209e50f-a4f7-11e6-91a5-1fc490c5cf69;2016-12-07
3C48AC16;d209e510-a4f7-11e6-91a5-1fc490c5cf69;2016-12-06
A058FCB4;d209e511-a4f7-11e6-91a5-1fc490c5cf69;2016-12-23
DFA6A430;d209e512-a4f7-11e6-91a5-1fc490c5cf69;2016-11-25
911A03EC;d209e513-a4f7-11e6-91a5-1fc490c5cf69;2016-11-16
705995F1;d209e514-a4f7-11e6-91a5-1fc490c5cf69;2016-11-13
954E6ACE;d209e515-a4f7-11e6-91a5-1fc490c5cf69;2016-12-24
FD3FCA16;d209e516-a4f7-11e6-91a5-1fc490c5cf69;2016-12-09
A7055E2C;d209e517-a4f7-11e6-91a5-1fc490c5cf69;2016-12-19
9B91A3B3;d209e518-a4f7-11e6-91a5-1fc490c5cf69;2016-12-31
BD3124A4;d209e519-a4f7-11e6-91a5-1fc490c5cf69;2016-12-28
8DD9D65;d209e51a-a4f7-11e6-91a5-1fc490c5cf69;2016-11-22
FBF3CB3A;d209e51b-a4f7-11e6-91a5-1fc490c5cf69;2016-11-08
283AAE5;d209e51c-a4f7-11e6-91a5-1fc490c5cf69;2016-11-15
AE0F7EBF;d209e51d-a4f7-11e6-91a5-1fc490c5cf69;2016-11-13
313AE68F;d209e51e-a4f7-11e6-91a5-1fc490c5cf69;2016-12-24
664C7B96;d209e51f-a4f7-11e6-91a5-1fc490c5cf69;2016-12-04
8FBE3A61;d209e520-a4f7-11e6-91a5-1fc490c5cf69;2016-12-27
952021CD;d209e521-a4f7-11e6-91a5-1fc490c5cf69;2016-12-12
BDFBD6F6;d209e522-a4f7-11e6-91a5-1fc490c5cf69;2016-12-06
B5C7A559;d209e523-a4f7-11e6-91a5-1fc490c5cf69;2016-12-05
B3649B53;d209e524-a4f7-11e6-91a5-1fc490c5cf69;2016-12-11
132DBEB7;d209e525-a4f7-11e6-91a5-1fc490c5cf69;2016-12-06
BDB36A6C;d209e526-a4f7-11e6-91a5-1fc490c5cf69;2016-11-22
96DC3343;d209e527-a4f7-11e6-91a5-1fc490c5cf69;2016-11-03
2A10884E;d209e528-a4f7-11e6-91a5-1fc490c5cf69;2016-12-29
9947ECF8;d209e529-a4f7-11e6-91a5-1fc490c5cf69;2016-11-13
2F37A71D;d209e52a-a4f7-11e6-91a5-1fc490c5cf69;2016-12-26
100EF1F0;d209e52b-a4f7-11e6-91a5-1fc490c5cf69;2016-12-04
7435AC2A;d209e52c-a4f7-11e6-91a5-1fc490c5cf69;2016-11-10
F705A32B;d209e52d-a4f7-11e6-91a5-1fc490c5cf69;2016-12-23
B233CC1;d209e52e-a4f7-11e6-91a5-1fc490c5cf69;2016-12-23
3E478A14;d209e52f-a4f7-11e6-91a5-1fc490c5cf69;2016-11-24
BE817438;d209e530-a4f7-11e6-91a5-1fc490c5cf69;2016-11-19
20596AB7;d209e531-a4f7-11e6-91a5-1fc490c5cf69;2016-11-30
C1794D7E;d209e532-a4f7-11e6-91a5-1fc490c5cf69;2016-11-11
35A9A4E8;d209e533-a4f7-11e6-91a5-1fc490c5cf69;2016-12-21
F6CA8F4F;d209e534-a4f7-11e6-91a5-1fc490c5cf69;2016-11-02
3E48D0FF;d209e535-a4f7-11e6-91a5-1fc490c5cf69;2016-11-29
3D16668;d209e536-a4f7-11e6-91a5-1fc490c5cf69;2016-11-17
9D7B95F6;d209e537-a4f7-11e6-91a5-1fc490c5cf69;2016-12-20
8059E7F1;d209e538-a4f7-11e6-91a5-1fc490c5cf69;2016-11-13
B87FD3C2;d209e539-a4f7-11e6-91a5-1fc490c5cf69;2016-12-23
1D34C2D8;d209e53a-a4f7-11e6-91a5-1fc490c5cf69;2016-11-18
9CB762E6;d209e53b-a4f7-11e6-91a5-1fc490c5cf69;2016-12-31
448288CB;d209e53c-a4f7-11e6-91a5-1fc490c5cf69;2016-11-26
7E5466A0;d209e53d-a4f7-11e6-91a5-1fc490c5cf69;2016-12-24
5EBB87A3;d209e53e-a4f7-11e6-91a5-1fc490c5cf69;2016-11-12
6D660602;d209e53f-a4f7-11e6-91a5-1fc490c5cf69;2016-12-23
99AB68CC;d209e540-a4f7-11e6-91a5-1fc490c5cf69;2016-11-10
864193C4;d209e541-a4f7-11e6-91a5-1fc490c5cf69;2016-12-11
EF0EBAD;d209e542-a4f7-11e6-91a5-1fc490c5cf69;2016-12-22
230FBC8B;d209e543-a4f7-11e6-91a5-1fc490c5cf69;2016-12-13
52CA9F35;d209e544-a4f7-11e6-91a5-1fc490c5cf69;2016-12-06
99B36DF9;d209e545-a4f7-11e6-91a5-1fc490c5cf69;2016-11-29
E47E31A1;d209e546-a4f7-11e6-91a5-1fc490c5cf69;2016-12-24
59849F96;d209e547-a4f7-11e6-91a5-1fc490c5cf69;2016-11-15
E65D550D;d209e548-a4f7-11e6-91a5-1fc490c5cf69;2016-11-27
38AE6AC2;d209e549-a4f7-11e6-91a5-1fc490c5cf69;2016-11-16
9ACE32D2;d209e54a-a4f7-11e6-91a5-1fc490c5cf69;2016-12-06
F419082A;d209e54b-a4f7-11e6-91a5-1fc490c5cf69;2016-11-23
B99CBEBD;d209e54c-a4f7-11e6-91a5-1fc490c5cf69;2016-11-25
4380AE84;d209e54d-a4f7-11e6-91a5-1fc490c5cf69;2016-12-22
49882513;d209e54e-a4f7-11e6-91a5-1fc490c5cf69;2016-11-14
F56761CB;d209e54f-a4f7-11e6-91a5-1fc490c5cf69;2016-12-25
7331B6F6;d209e550-a4f7-11e6-91a5-1fc490c5cf69;2016-11-03
7D980E83;d209e551-a4f7-11e6-91a5-1fc490c5cf69;2016-12-05
B11B1AE4;d209e552-a4f7-11e6-91a5-1fc490c5cf69;2016-11-26
E0D83DE0;d209e553-a4f7-11e6-91a5-1fc490c5cf69;2016-12-25
A2CB7167;d209e554-a4f7-11e6-91a5-1fc490c5cf69;2016-12-09
319A568B;d209e555-a4f7-11e6-91a5-1fc490c5cf69;2016-11-25
464D7779;d209e556-a4f7-11e6-91a5-1fc490c5cf69;2016-11-07
CCDDF8C9;d209e557-a4f7-11e6-91a5-1fc490c5cf69;2016-12-10
A895BC55;d209e558-a4f7-11e6-91a5-1fc490c5cf69;2016-11-24
ECCB2CFF;d209e559-a4f7-11e6-91a5-1fc490c5cf69;2016-12-02
C74E8D91;d209e55a-a4f7-11e6-91a5-1fc490c5cf69;2016-12-05
AE849DBC;d209e55b-a4f7-11e6-91a5-1fc490c5cf69;2016-12-23
EA3B6E61;d209e55c-a4f7-11e6-91a5-1fc490c5cf69;2016-12-05
5D951C85;d20a0c10-a4f7-11e6-91a5-1fc490c5cf69;2016-12-04
B4142FD2;d20a0c11-a4f7-11e6-91a5-1fc490c5cf69;2016-11-22
2D8F20A9;d20a0c12-a4f7-11e6-91a5-1fc490c5cf69;2016-12-07
CA4EA8C6;d20a0c13-a4f7-11e6-91a5-1fc490c5cf69;2016-12-29
33AD65E5;d20a0c14-a4f7-11e6-91a5-1fc490c5cf69;2016-12-07
795E9659;d20a0c15-a4f7-11e6-91a5-1fc490c5cf69;2016-12-27
CE05E008;d20a0c16-a4f7-11e6-91a5-1fc490c5cf69;2016-12-22
B60D02C8;d20a0c17-a4f7-11e6-91a5-1fc490c5cf69;2017-01-01
5CC68A31;d20a0c18-a4f7-11e6-91a5-1fc490c5cf69;2016-11-01
79731BA1;d20a0c19-a4f7-11e6-91a5-1fc490c5cf69;2016-11-27
EE5EFB16;d20a0c1a-a4f7-11e6-91a5-1fc490c5cf69;2016-11-04
678E5374;d20a0c1b-a4f7-11e6-91a5-1fc490c5cf69;2016-12-03
FF8E3B4C;d20a0c1c-a4f7-11e6-91a5-1fc490c5cf69;2016-12-09
59FBCA49;d20a0c1d-a4f7-11e6-91a5-1fc490c5cf69;2016-12-22
D323FF1B;d20a0c1e-a4f7-11e6-91a5-1fc490c5cf69;2016-11-13
3E99CB1B;d20a0c1f-a4f7-11e6-91a5-1fc490c5cf69;2016-12-05
C2410FBD;d20a0c20-a4f7-11e6-91a5-1fc490c5cf69;2016-11-16
145E2652;d20a0c21-a4f7-11e6-91a5-1fc490c5cf69;2016-11-26
D9ADFCD1;d20a0c22-a4f7-11e6-91a5-1fc490c5cf69;2016-12-09
662316C8;d20a0c23-a4f7-11e6-91a5-1fc490c5cf69;2016-12-18
95E43B78;d20a0c24-a4f7-11e6-91a5-1fc490c5cf69;2016-12-29
3260B1F2;d20a0c25-a4f7-11e6-91a5-1fc490c5cf69;2016-12-11
B5BB11C9;d20a0c26-a4f7-11e6-91a5-1fc490c5cf69;2016-11-17
EFE759DB;d20a0c27-a4f7-11e6-91a5-1fc490c5cf69;2016-12-14
ED68433;d20a0c28-a4f7-11e6-91a5-1fc490c5cf69;2016-11-08
57B28F07;d20a0c29-a4f7-11e6-91a5-1fc490c5cf69;2016-12-30
D5FD3565;d20a0c2a-a4f7-11e6-91a5-1fc490c5cf69;2016-11-29
98E7495C;d20a0c2b-a4f7-11e6-91a5-1fc490c5cf69;2016-11-04
5B1A3777;d20a0c2c-a4f7-11e6-91a5-1fc490c5cf69;2016-12-31
52C728D4;d20a0c2d-a4f7-11e6-91a5-1fc490c5cf69;2016-12-14
ED683F2F;d20a0c2e-a4f7-11e6-91a5-1fc490c5cf69;2016-11-08
E3F52984;d20a0c2f-a4f7-11e6-91a5-1fc490c5cf69;2016-12-13
66DC0B22;d20a0c30-a4f7-11e6-91a5-1fc490c5cf69;2017-01-01
2E10F43;d20a0c31-a4f7-11e6-91a5-1fc490c5cf69;2016-12-20
639E7762;d20a0c32-a4f7-11e6-91a5-1fc490c5cf69;2016-12-23
4DDEFD00;d20a0c33-a4f7-11e6-91a5-1fc490c5cf69;2016-11-17
F23078CE;d20a0c34-a4f7-11e6-91a5-1fc490c5cf69;2016-12-18
51A4C3AC;d20a0c35-a4f7-11e6-91a5-1fc490c5cf69;2016-11-24
5D90DB85;d20a3320-a4f7-11e6-91a5-1fc490c5cf69;2016-11-09
E6F7EB38;d20a3321-a4f7-11e6-91a5-1fc490c5cf69;2016-11-04
DC7CCCF;d20a3322-a4f7-11e6-91a5-1fc490c5cf69;2016-11-11
6EDFF9D4;d20a3323-a4f7-11e6-91a5-1fc490c5cf69;2016-11-05
59B4AC97;d20a3324-a4f7-11e6-91a5-1fc490c5cf69;2016-12-13
D77E114A;d20a3325-a4f7-11e6-91a5-1fc490c5cf69;2016-12-23
CC1CCFE;d20a3326-a4f7-11e6-91a5-1fc490c5cf69;2016-11-08
91B767AE;d20a3327-a4f7-11e6-91a5-1fc490c5cf69;2016-11-19
DB080684;d20a3328-a4f7-11e6-91a5-1fc490c5cf69;2016-11-02
DC4A5F65;d20a3329-a4f7-11e6-91a5-1fc490c5cf69;2016-11-28
2EA6FAA;d20a332a-a4f7-11e6-91a5-1fc490c5cf69;2016-11-17
515900CD;d20a332b-a4f7-11e6-91a5-1fc490c5cf69;2016-12-25
227F43B;d20a332c-a4f7-11e6-91a5-1fc490c5cf69;2016-12-05
FB35F31F;d20a332d-a4f7-11e6-91a5-1fc490c5cf69;2016-12-28
B39D5752;d20a332e-a4f7-11e6-91a5-1fc490c5cf69;2016-12-05
21515909;d20a332f-a4f7-11e6-91a5-1fc490c5cf69;2016-12-07
7F4DA81E;d20a3330-a4f7-11e6-91a5-1fc490c5cf69;2016-11-19
35E5C329;d20a3331-a4f7-11e6-91a5-1fc490c5cf69;2016-12-25
A6BBA585;d20a3332-a4f7-11e6-91a5-1fc490c5cf69;2016-12-10
AED8A433;d20a3333-a4f7-11e6-91a5-1fc490c5cf69;2016-12-29
5AD9D752;d20a3334-a4f7-11e6-91a5-1fc490c5cf69;2016-11-04
E6D7E54;d20a3335-a4f7-11e6-91a5-1fc490c5cf69;2016-12-06
A74AB932;d20a3336-a4f7-11e6-91a5-1fc490c5cf69;2016-11-03
A5EEA255;d20a3337-a4f7-11e6-91a5-1fc490c5cf69;2016-12-02
20A5709B;d20a3338-a4f7-11e6-91a5-1fc490c5cf69;2016-11-05
F9D44744;d20a3339-a4f7-11e6-91a5-1fc490c5cf69;2016-11-20
342BA3A1;d20a333a-a4f7-11e6-91a5-1fc490c5cf69;2016-11-06
FF019557;d20a333b-a4f7-11e6-91a5-1fc490c5cf69;2016-11-25
F8342464;d20a333c-a4f7-11e6-91a5-1fc490c5cf69;2016-11-18
370385A5;d20a333d-a4f7-11e6-91a5-1fc490c5cf69;2016-11-01
2AE9A371;d20a333e-a4f7-11e6-91a5-1fc490c5cf69;2016-12-02
E11420FA;d20a333f-a4f7-11e6-91a5-1fc490c5cf69;2016-11-22
8EDA8D3B;d20a3340-a4f7-11e6-91a5-1fc490c5cf69;2016-11-15
87902100;d20a3341-a4f7-11e6-91a5-1fc490c5cf69;2016-11-02
69A17EA0;d20a3342-a4f7-11e6-91a5-1fc490c5cf69;2016-12-09
EDEF79B3;d20a3343-a4f7-11e6-91a5-1fc490c5cf69;2016-11-19
673B359;d20a3344-a4f7-11e6-91a5-1fc490c5cf69;2016-12-31
9CC447F8;d20a3345-a4f7-11e6-91a5-1fc490c5cf69;2016-12-22
B33C28E3;d20a3346-a4f7-11e6-91a5-1fc490c5cf69;2016-11-10
E7D4B8A1;d20a3347-a4f7-11e6-91a5-1fc490c5cf69;2016-11-01
29D99F4A;d20a3348-a4f7-11e6-91a5-1fc490c5cf69;2016-11-06
31B9DAC6;d20a3349-a4f7-11e6-91a5-1fc490c5cf69;2016-12-26
ECDC1A23;d20a334a-a4f7-11e6-91a5-1fc490c5cf69;2016-12-11
BA93A198;d20a334b-a4f7-11e6-91a5-1fc490c5cf69;2016-12-03
628B8E0B;d20a334c-a4f7-11e6-91a5-1fc490c5cf69;2016-12-26
92D2CB0B;d20a334d-a4f7-11e6-91a5-1fc490c5cf69;2016-11-17
B68338C3;d20a334e-a4f7-11e6-91a5-1fc490c5cf69;2016-11-13
B3D1DB5D;d20a334f-a4f7-11e6-91a5-1fc490c5cf69;2016-12-22
81D5BD99;d20a3350-a4f7-11e6-91a5-1fc490c5cf69;2016-11-29
E22CD231;d20a3351-a4f7-11e6-91a5-1fc490c5cf69;2016-12-03
D5999C83;d20a3352-a4f7-11e6-91a5-1fc490c5cf69;2016-12-29
88FB5773;d20a3353-a4f7-11e6-91a5-1fc490c5cf69;2016-11-10
E00FD7FF;d20a3354-a4f7-11e6-91a5-1fc490c5cf69;2016-12-25
D2F4F3AA;d20a3355-a4f7-11e6-91a5-1fc490c5cf69;2016-11-10
7F903262;d20a3356-a4f7-11e6-91a5-1fc490c5cf69;2016-12-31
84F74613;d20a3357-a4f7-11e6-91a5-1fc490c5cf69;2016-11-17
B285D778;d20a3358-a4f7-11e6-91a5-1fc490c5cf69;2016-11-03
3BA5922F;d20a3359-a4f7-11e6-91a5-1fc490c5cf69;2016-11-23
F4C011E8;d20a335a-a4f7-11e6-91a5-1fc490c5cf69;2016-11-11
9468F90D;d20a335b-a4f7-11e6-91a5-1fc490c5cf69;2016-12-15
33D19B7B;d20a335c-a4f7-11e6-91a5-1fc490c5cf69;2016-11-14
D788E210;d20a335d-a4f7-11e6-91a5-1fc490c5cf69;2016-12-25
2251F574;d20a335e-a4f7-11e6-91a5-1fc490c5cf69;2016-11-30
47ED6B0D;d20a335f-a4f7-11e6-91a5-1fc490c5cf69;2016-11-12
2FD16165;d20a3360-a4f7-11e6-91a5-1fc490c5cf69;2016-12-27
E3463D3C;d20a3361-a4f7-11e6-91a5-1fc490c5cf69;2016-11-06
BEBB4CCA;d20a3362-a4f7-11e6-91a5-1fc490c5cf69;2016-11-26
33402671;d20a3363-a4f7-11e6-91a5-1fc490c5cf69;2016-12-23
DA786766;d20a3364-a4f7-11e6-91a5-1fc490c5cf69;2016-12-06
F7E723A7;d20a3365-a4f7-11e6-91a5-1fc490c5cf69;2016-12-11
B4E6D1DB;d20a3366-a4f7-11e6-91a5-1fc490c5cf69;2016-11-21
F7B6783D;d20a3367-a4f7-11e6-91a5-1fc490c5cf69;2016-12-07
CD455471;d20a3368-a4f7-11e6-91a5-1fc490c5cf69;2016-12-01
68EBA6F2;d20a3369-a4f7-11e6-91a5-1fc490c5cf69;2017-01-01
75455E61;d20a336a-a4f7-11e6-91a5-1fc490c5cf69;2016-11-07
E976967E;d20a336b-a4f7-11e6-91a5-1fc490c5cf69;2016-12-26
17B3CAC;d20a336c-a4f7-11e6-91a5-1fc490c5cf69;2016-12-13
7E758645;d20a336d-a4f7-11e6-91a5-1fc490c5cf69;2016-11-09
BB96A26B;d20a336e-a4f7-11e6-91a5-1fc490c5cf69;2016-12-07
A92190C7;d20a336f-a4f7-11e6-91a5-1fc490c5cf69;2016-11-27
2BE35C84;d20a3370-a4f7-11e6-91a5-1fc490c5cf69;2016-11-11
2DB6BB35;d20a3371-a4f7-11e6-91a5-1fc490c5cf69;2016-11-11
E15AF833;d20a3372-a4f7-11e6-91a5-1fc490c5cf69;2016-11-23
F1741FF4;d20a3373-a4f7-11e6-91a5-1fc490c5cf69;2016-12-24
93E3CE9E;d20a3374-a4f7-11e6-91a5-1fc490c5cf69;2016-11-12
F090ABA7;d20a3375-a4f7-11e6-91a5-1fc490c5cf69;2016-12-07
A32F4F5B;d20a3376-a4f7-11e6-91a5-1fc490c5cf69;2016-11-20
1BEDAE13;d20a3377-a4f7-11e6-91a5-1fc490c5cf69;2016-12-23
BD0FD4BE;d20a3378-a4f7-11e6-91a5-1fc490c5cf69;2016-11-26
FCFBF91F;d20a3379-a4f7-11e6-91a5-1fc490c5cf69;2016-12-23
6E6913EB;d20a337a-a4f7-11e6-91a5-1fc490c5cf69;2016-12-11
E22999DF;d20a337b-a4f7-11e6-91a5-1fc490c5cf69;2016-12-22
F501C5B2;d20a337c-a4f7-11e6-91a5-1fc490c5cf69;2016-12-15
B6A98DFA;d20a337d-a4f7-11e6-91a5-1fc490c5cf69;2016-11-03
54EB4779;d20a337e-a4f7-11e6-91a5-1fc490c5cf69;2016-11-19
4B3A7A02;d20a337f-a4f7-11e6-91a5-1fc490c5cf69;2016-11-29
87A19BCB;d20a5a30-a4f7-11e6-91a5-1fc490c5cf69;2016-12-01
D840F7E;d20a5a31-a4f7-11e6-91a5-1fc490c5cf69;2016-11-15
B3A5D1FC;d20a5a32-a4f7-11e6-91a5-1fc490c5cf69;2016-12-30
8B7A62CF;d20a5a33-a4f7-11e6-91a5-1fc490c5cf69;2016-11-05
3D9F6926;d20a5a34-a4f7-11e6-91a5-1fc490c5cf69;2016-12-10
35C21CE4;d20a5a35-a4f7-11e6-91a5-1fc490c5cf69;2016-12-23
C1C88EE4;d20a5a36-a4f7-11e6-91a5-1fc490c5cf69;2016-11-01
D195E21E;d20a5a37-a4f7-11e6-91a5-1fc490c5cf69;2016-12-03
6F7F4791;d20a5a38-a4f7-11e6-91a5-1fc490c5cf69;2016-11-24
A05558D5;d20a5a39-a4f7-11e6-91a5-1fc490c5cf69;2016-11-25
A762BFBF;d20a5a3a-a4f7-11e6-91a5-1fc490c5cf69;2016-11-01
CE8B2363;d20a5a3b-a4f7-11e6-91a5-1fc490c5cf69;2016-11-03
CC5BA624;d20a5a3c-a4f7-11e6-91a5-1fc490c5cf69;2016-12-12
CA504107;d20a5a3d-a4f7-11e6-91a5-1fc490c5cf69;2017-01-01
643C6752;d20a5a3e-a4f7-11e6-91a5-1fc490c5cf69;2016-12-28
A3E39E1A;d20a5a3f-a4f7-11e6-91a5-1fc490c5cf69;2016-12-07
5FB5261B;d20a5a40-a4f7-11e6-91a5-1fc490c5cf69;2016-12-17
69CCE30C;d20a5a41-a4f7-11e6-91a5-1fc490c5cf69;2016-12-03
FA420840;d20a5a42-a4f7-11e6-91a5-1fc490c5cf69;2016-12-03
67EEC85E;d20a5a43-a4f7-11e6-91a5-1fc490c5cf69;2016-12-11
35805E01;d20a5a44-a4f7-11e6-91a5-1fc490c5cf69;2016-12-07
E95F1D20;d20a5a45-a4f7-11e6-91a5-1fc490c5cf69;2016-12-12
5493B833;d20a5a46-a4f7-11e6-91a5-1fc490c5cf69;2016-11-01
D43462C;d20a5a47-a4f7-11e6-91a5-1fc490c5cf69;2016-12-27
34CC7A4F;d20a5a48-a4f7-11e6-91a5-1fc490c5cf69;2016-12-21
E3F050DD;d20a5a49-a4f7-11e6-91a5-1fc490c5cf69;2016-12-31
2B8487FE;d20a5a4a-a4f7-11e6-91a5-1fc490c5cf69;2016-11-05
1F6D14EB;d20a5a4b-a4f7-11e6-91a5-1fc490c5cf69;2016-12-13
49E7B253;d20a5a4c-a4f7-11e6-91a5-1fc490c5cf69;2016-12-07
21E4C49B;d20a5a4d-a4f7-11e6-91a5-1fc490c5cf69;2016-11-03
D170F5A9;d20a5a4e-a4f7-11e6-91a5-1fc490c5cf69;2016-12-04
18ED598B;d20a5a4f-a4f7-11e6-91a5-1fc490c5cf69;2016-11-20
D1AE950A;d20a5a50-a4f7-11e6-91a5-1fc490c5cf69;2016-12-08
70A5F996;d20a5a51-a4f7-11e6-91a5-1fc490c5cf69;2016-11-11
5B363C63;d20a5a52-a4f7-11e6-91a5-1fc490c5cf69;2016-11-11
41586106;d20a5a53-a4f7-11e6-91a5-1fc490c5cf69;2016-11-11
64E7BBF8;d20a5a54-a4f7-11e6-91a5-1fc490c5cf69;2016-12-26
6A7FF9E1;d20a5a55-a4f7-11e6-91a5-1fc490c5cf69;2016-12-14
ED1E256;d20a5a56-a4f7-11e6-91a5-1fc490c5cf69;2016-11-05
D796C0B6;d20a5a57-a4f7-11e6-91a5-1fc490c5cf69;2016-11-11
CC7CB342;d20a5a58-a4f7-11e6-91a5-1fc490c5cf69;2016-11-30
1272CB5C;d20a5a59-a4f7-11e6-91a5-1fc490c5cf69;2016-12-31
81D9BBDC;d20a5a5a-a4f7-11e6-91a5-1fc490c5cf69;2016-11-16
ED32C6F6;d20a5a5b-a4f7-11e6-91a5-1fc490c5cf69;2016-12-30
5E8CDE4A;d20a5a5c-a4f7-11e6-91a5-1fc490c5cf69;2016-11-16
8DB77125;d20a5a5d-a4f7-11e6-91a5-1fc490c5cf69;2016-11-12
AC49DE9A;d20a5a5e-a4f7-11e6-91a5-1fc490c5cf69;2016-11-28
21AA0CD9;d20a5a5f-a4f7-11e6-91a5-1fc490c5cf69;2016-12-24
7683C76A;d20a5a60-a4f7-11e6-91a5-1fc490c5cf69;2016-12-15
693145EC;d20a5a61-a4f7-11e6-91a5-1fc490c5cf69;2016-12-29
34962C4E;d20a5a62-a4f7-11e6-91a5-1fc490c5cf69;2016-11-06
9AEFAC89;d20a5a63-a4f7-11e6-91a5-1fc490c5cf69;2016-12-23
14D347A;d20a5a64-a4f7-11e6-91a5-1fc490c5cf69;2016-12-09
C53C28DF;d20a5a65-a4f7-11e6-91a5-1fc490c5cf69;2016-12-24
72192D4E;d20a5a66-a4f7-11e6-91a5-1fc490c5cf69;2016-12-27
C8910518;d20a5a67-a4f7-11e6-91a5-1fc490c5cf69;2016-12-17
8F746A26;d20a5a68-a4f7-11e6-91a5-1fc490c5cf69;2016-11-06
6CCED06F;d20a5a69-a4f7-11e6-91a5-1fc490c5cf69;2016-11-28
A716F26;d20a5a6a-a4f7-11e6-91a5-1fc490c5cf69;2016-11-05
4F6351D2;d20a5a6b-a4f7-11e6-91a5-1fc490c5cf69;2016-12-26
EC6D6147;d20a5a6c-a4f7-11e6-91a5-1fc490c5cf69;2016-12-09
F4523BE6;d20a5a6d-a4f7-11e6-91a5-1fc490c5cf69;2016-11-05
1CD1C1EF;d20a5a6e-a4f7-11e6-91a5-1fc490c5cf69;2016-11-19
85521AA2;d20a5a6f-a4f7-11e6-91a5-1fc490c5cf69;2016-11-26
B66217FD;d20a5a70-a4f7-11e6-91a5-1fc490c5cf69;2016-11-07
35F6722C;d20a5a71-a4f7-11e6-91a5-1fc490c5cf69;2016-12-01
F7CAD34;d20a5a72-a4f7-11e6-91a5-1fc490c5cf69;2016-11-21
BAC03B85;d20a5a73-a4f7-11e6-91a5-1fc490c5cf69;2016-12-14
DC5E7EEF;d20a5a74-a4f7-11e6-91a5-1fc490c5cf69;2016-11-10
8C5C9065;d20a5a75-a4f7-11e6-91a5-1fc490c5cf69;2016-12-25
9DB1B3A9;d20a5a76-a4f7-11e6-91a5-1fc490c5cf69;2016-11-29
11368872;d20a5a77-a4f7-11e6-91a5-1fc490c5cf69;2016-12-29
A289794D;d20a5a78-a4f7-11e6-91a5-1fc490c5cf69;2016-12-18
6F474B15;d20a5a79-a4f7-11e6-91a5-1fc490c5cf69;2016-11-28
E434091C;d20a5a7a-a4f7-11e6-91a5-1fc490c5cf69;2016-11-23
D99D7DC2;d20a5a7b-a4f7-11e6-91a5-1fc490c5cf69;2016-12-27
275DF8F9;d20a5a7c-a4f7-11e6-91a5-1fc490c5cf69;2016-12-28
E2193007;d20a5a7d-a4f7-11e6-91a5-1fc490c5cf69;2016-12-23
84803333;d20a5a7e-a4f7-11e6-91a5-1fc490c5cf69;2016-11-14
6DF80CD6;d20a5a7f-a4f7-11e6-91a5-1fc490c5cf69;2016-11-06
60CBB500;d20a5a80-a4f7-11e6-91a5-1fc490c5cf69;2016-12-29
4C3BAF24;d20a5a81-a4f7-11e6-91a5-1fc490c5cf69;2016-11-16
7345F756;d20a5a82-a4f7-11e6-91a5-1fc490c5cf69;2016-12-13
836E3EA0;d20a5a83-a4f7-11e6-91a5-1fc490c5cf69;2016-12-20
608DA5CC;d20a5a84-a4f7-11e6-91a5-1fc490c5cf69;2016-12-19
24D3DC08;d20a5a85-a4f7-11e6-91a5-1fc490c5cf69;2016-11-29
E46541AD;d20a5a86-a4f7-11e6-91a5-1fc490c5cf69;2016-11-11
2F6AA75;d20a5a87-a4f7-11e6-91a5-1fc490c5cf69;2016-12-20
B05EA2A7;d20a5a88-a4f7-11e6-91a5-1fc490c5cf69;2016-11-16
5D302486;d20a5a89-a4f7-11e6-91a5-1fc490c5cf69;2016-12-17
DC719524;d20a5a8a-a4f7-11e6-91a5-1fc490c5cf69;2016-11-09
93624908;d20a5a8b-a4f7-11e6-91a5-1fc490c5cf69;2016-11-22
FF064533;d20a5a8c-a4f7-11e6-91a5-1fc490c5cf69;2016-12-20
31786AD4;d20a5a8d-a4f7-11e6-91a5-1fc490c5cf69;2016-12-20
93178604;d20a5a8e-a4f7-11e6-91a5-1fc490c5cf69;2016-11-02
68942115;d20a5a8f-a4f7-11e6-91a5-1fc490c5cf69;2016-12-04
FA704CE;d20a5a90-a4f7-11e6-91a5-1fc490c5cf69;2016-12-31
D13C7BF5;d20a5a91-a4f7-11e6-91a5-1fc490c5cf69;2016-12-26
2E6FD34D;d20a5a92-a4f7-11e6-91a5-1fc490c5cf69;2016-11-07
3DDE83F9;d20a5a93-a4f7-11e6-91a5-1fc490c5cf69;2016-11-06
73CCFF88;d20a5a94-a4f7-11e6-91a5-1fc490c5cf69;2016-12-19
75BB88;d20a5a95-a4f7-11e6-91a5-1fc490c5cf69;2016-11-25
977311FC;d20a5a96-a4f7-11e6-91a5-1fc490c5cf69;2016-12-24
F71E8BC0;d20a5a97-a4f7-11e6-91a5-1fc490c5cf69;2016-11-23
ED7B43A1;d20a5a98-a4f7-11e6-91a5-1fc490c5cf69;2016-11-15
B383E2BB;d20a5a99-a4f7-11e6-91a5-1fc490c5cf69;2016-12-12
37871CAA;d20a8140-a4f7-11e6-91a5-1fc490c5cf69;2016-12-09
B5197DF1;d20a8141-a4f7-11e6-91a5-1fc490c5cf69;2016-11-26
42897FBF;d20a8142-a4f7-11e6-91a5-1fc490c5cf69;2016-11-18
96D15967;d20a8143-a4f7-11e6-91a5-1fc490c5cf69;2016-11-13
5437282;d20a8144-a4f7-11e6-91a5-1fc490c5cf69;2016-11-09
51906D61;d20a8145-a4f7-11e6-91a5-1fc490c5cf69;2017-01-01
639C1609;d20a8146-a4f7-11e6-91a5-1fc490c5cf69;2016-11-13
43D2E6F2;d20a8147-a4f7-11e6-91a5-1fc490c5cf69;2016-11-23
3D193EDA;d20a8148-a4f7-11e6-91a5-1fc490c5cf69;2016-11-24
E0B672FC;d20a8149-a4f7-11e6-91a5-1fc490c5cf69;2016-11-26
12D60C2;d20a814a-a4f7-11e6-91a5-1fc490c5cf69;2016-12-02
41682CF3;d20a814b-a4f7-11e6-91a5-1fc490c5cf69;2016-11-07
D5D9426;d20a814c-a4f7-11e6-91a5-1fc490c5cf69;2016-12-23
F50E3D2E;d20a814d-a4f7-11e6-91a5-1fc490c5cf69;2016-12-13
D119B35;d20a814e-a4f7-11e6-91a5-1fc490c5cf69;2016-12-21
7BC75BCE;d20a814f-a4f7-11e6-91a5-1fc490c5cf69;2016-12-09
DB47D518;d20a8150-a4f7-11e6-91a5-1fc490c5cf69;2016-12-31
AC17BF1C;d20a8151-a4f7-11e6-91a5-1fc490c5cf69;2016-11-19
C51886F6;d20a8152-a4f7-11e6-91a5-1fc490c5cf69;2016-11-11
90C4D5BE;d20a8153-a4f7-11e6-91a5-1fc490c5cf69;2016-12-25
A276B88;d20a8154-a4f7-11e6-91a5-1fc490c5cf69;2016-12-10
8649D723;d20a8155-a4f7-11e6-91a5-1fc490c5cf69;2016-12-11
837BCB14;d20a8156-a4f7-11e6-91a5-1fc490c5cf69;2016-11-03
585019C4;d20a8157-a4f7-11e6-91a5-1fc490c5cf69;2016-11-18
A2DAEC6E;d20a8158-a4f7-11e6-91a5-1fc490c5cf69;2016-12-29
1D4D6C05;d20a8159-a4f7-11e6-91a5-1fc490c5cf69;2016-11-11
C6154C01;d20a815a-a4f7-11e6-91a5-1fc490c5cf69;2016-12-04
CC4FDFF5;d20a815b-a4f7-11e6-91a5-1fc490c5cf69;2016-11-19
15CBD6FC;d20a815c-a4f7-11e6-91a5-1fc490c5cf69;2016-12-06
46333236;d20a815d-a4f7-11e6-91a5-1fc490c5cf69;2016-12-11
6C73EFCE;d20a815e-a4f7-11e6-91a5-1fc490c5cf69;2017-01-01
83FA2249;d20a815f-a4f7-11e6-91a5-1fc490c5cf69;2016-12-23
95BF584C;d20a8160-a4f7-11e6-91a5-1fc490c5cf69;2016-12-06
21690476;d20a8161-a4f7-11e6-91a5-1fc490c5cf69;2016-11-23
1A268F27;d20a8162-a4f7-11e6-91a5-1fc490c5cf69;2016-11-03
DFD136FF;d20a8163-a4f7-11e6-91a5-1fc490c5cf69;2016-12-14
B982FB49;d20a8164-a4f7-11e6-91a5-1fc490c5cf69;2016-12-23
CBC62995;d20a8165-a4f7-11e6-91a5-1fc490c5cf69;2016-11-20
8D5A5AA2;d20a8166-a4f7-11e6-91a5-1fc490c5cf69;2016-12-16
CD2B04B;d20a8167-a4f7-11e6-91a5-1fc490c5cf69;2016-11-30
20115343;d20a8168-a4f7-11e6-91a5-1fc490c5cf69;2016-11-18
373C899D;d20a8169-a4f7-11e6-91a5-1fc490c5cf69;2016-12-29
D88F987C;d20a816a-a4f7-11e6-91a5-1fc490c5cf69;2016-12-26
36A3D33F;d20a816b-a4f7-11e6-91a5-1fc490c5cf69;2016-11-03
E350774A;d20a816c-a4f7-11e6-91a5-1fc490c5cf69;2016-12-31
DDAC575F;d20a816d-a4f7-11e6-91a5-1fc490c5cf69;2016-11-15
EC0EFE5E;d20a816e-a4f7-11e6-91a5-1fc490c5cf69;2016-12-15
509085B;d20a816f-a4f7-11e6-91a5-1fc490c5cf69;2016-11-08
1F7237D6;d20a8170-a4f7-11e6-91a5-1fc490c5cf69;2016-12-06
EA98BBCD;d20a8171-a4f7-11e6-91a5-1fc490c5cf69;2016-11-22
E2C42D6F;d20a8172-a4f7-11e6-91a5-1fc490c5cf69;2016-11-23
EB4EAD46;d20a8173-a4f7-11e6-91a5-1fc490c5cf69;2016-12-20
2F1F0EE2;d20a8174-a4f7-11e6-91a5-1fc490c5cf69;2016-12-03
E07C7778;d20a8175-a4f7-11e6-91a5-1fc490c5cf69;2016-12-29
DB7E88AE;d20aa850-a4f7-11e6-91a5-1fc490c5cf69;2016-11-18
987AE8D5;d20aa851-a4f7-11e6-91a5-1fc490c5cf69;2016-12-18
B743CB52;d20aa852-a4f7-11e6-91a5-1fc490c5cf69;2016-11-21
F11C93B2;d20aa853-a4f7-11e6-91a5-1fc490c5cf69;2016-11-06
5540EAE8;d20aa854-a4f7-11e6-91a5-1fc490c5cf69;2016-11-21
D3DC0EC3;d20aa855-a4f7-11e6-91a5-1fc490c5cf69;2016-12-28
A7458524;d20aa856-a4f7-11e6-91a5-1fc490c5cf69;2016-11-17
EA81CEB5;d20aa857-a4f7-11e6-91a5-1fc490c5cf69;2016-12-26
9E735E68;d20aa858-a4f7-11e6-91a5-1fc490c5cf69;2016-12-03
D5D40CB3;d20aa859-a4f7-11e6-91a5-1fc490c5cf69;2016-11-04
1435716F;d20aa85a-a4f7-11e6-91a5-1fc490c5cf69;2016-11-30
F966D0CA;d20aa85b-a4f7-11e6-91a5-1fc490c5cf69;2016-11-20
57E9A030;d20aa85c-a4f7-11e6-91a5-1fc490c5cf69;2016-11-14
65EDE7C6;d20aa85d-a4f7-11e6-91a5-1fc490c5cf69;2016-11-15
E70466DF;d20aa85e-a4f7-11e6-91a5-1fc490c5cf69;2016-11-21
A74932E5;d20aa85f-a4f7-11e6-91a5-1fc490c5cf69;2016-11-11
C64CBC6C;d20aa860-a4f7-11e6-91a5-1fc490c5cf69;2016-11-04
3D30EEC2;d20aa861-a4f7-11e6-91a5-1fc490c5cf69;2016-11-26
7DC697E3;d20aa862-a4f7-11e6-91a5-1fc490c5cf69;2016-11-03
5C75DEE1;d20aa863-a4f7-11e6-91a5-1fc490c5cf69;2016-11-13
16431AD0;d20aa864-a4f7-11e6-91a5-1fc490c5cf69;2016-11-24
9B69EE59;d20aa865-a4f7-11e6-91a5-1fc490c5cf69;2016-12-21
9F323E67;d20aa866-a4f7-11e6-91a5-1fc490c5cf69;2016-12-29
A5811A76;d20aa867-a4f7-11e6-91a5-1fc490c5cf69;2017-01-01
EA509AA;d20aa868-a4f7-11e6-91a5-1fc490c5cf69;2016-12-25
701D09FA;d20aa869-a4f7-11e6-91a5-1fc490c5cf69;2016-11-12
7AB8F747;d20aa86a-a4f7-11e6-91a5-1fc490c5cf69;2016-11-11
A0E1CD23;d20aa86b-a4f7-11e6-91a5-1fc490c5cf69;2016-12-02
C60BCF75;d20aa86c-a4f7-11e6-91a5-1fc490c5cf69;2016-11-13
1DF53BB0;d20aa86d-a4f7-11e6-91a5-1fc490c5cf69;2016-11-28
26C28EFA;d20aa86e-a4f7-11e6-91a5-1fc490c5cf69;2016-11-21
B7B63E99;d20acf60-a4f7-11e6-91a5-1fc490c5cf69;2016-12-03
FBEF4C79;d20acf61-a4f7-11e6-91a5-1fc490c5cf69;2016-12-15
1617725;d20acf62-a4f7-11e6-91a5-1fc490c5cf69;2016-12-21
69B07D39;d20acf63-a4f7-11e6-91a5-1fc490c5cf69;2016-12-25
69CEAB5D;d20acf64-a4f7-11e6-91a5-1fc490c5cf69;2016-11-09
A93D786;d20acf65-a4f7-11e6-91a5-1fc490c5cf69;2016-12-21
AEFF4C67;d20acf66-a4f7-11e6-91a5-1fc490c5cf69;2016-12-17
E29AA19B;d20acf67-a4f7-11e6-91a5-1fc490c5cf69;2016-11-05
5416625A;d20acf68-a4f7-11e6-91a5-1fc490c5cf69;2016-12-06
E2424DA6;d20acf69-a4f7-11e6-91a5-1fc490c5cf69;2016-11-03
F4D8BB36;d20acf6a-a4f7-11e6-91a5-1fc490c5cf69;2016-11-05
E73DDAE;d20acf6b-a4f7-11e6-91a5-1fc490c5cf69;2016-11-16
A8840928;d20acf6c-a4f7-11e6-91a5-1fc490c5cf69;2016-12-25
B44E19DF;d20acf6d-a4f7-11e6-91a5-1fc490c5cf69;2016-11-07
9D866F7D;d20acf6e-a4f7-11e6-91a5-1fc490c5cf69;2016-12-15
2ABD2E67;d20acf6f-a4f7-11e6-91a5-1fc490c5cf69;2016-12-09
E11B1B59;d20acf70-a4f7-11e6-91a5-1fc490c5cf69;2016-11-27
BFD47D89;d20acf71-a4f7-11e6-91a5-1fc490c5cf69;2016-11-25
577A7282;d20acf72-a4f7-11e6-91a5-1fc490c5cf69;2016-11-02
1C89A7F5;d20acf73-a4f7-11e6-91a5-1fc490c5cf69;2016-11-26
857347F0;d20acf74-a4f7-11e6-91a5-1fc490c5cf69;2016-11-29
24CAC186;d20acf75-a4f7-11e6-91a5-1fc490c5cf69;2016-12-16
D691B55F;d20acf76-a4f7-11e6-91a5-1fc490c5cf69;2016-12-08
817DB0CE;d20acf77-a4f7-11e6-91a5-1fc490c5cf69;2016-11-27
FA07FA7D;d20acf78-a4f7-11e6-91a5-1fc490c5cf69;2016-12-14
92D48EB5;d20acf79-a4f7-11e6-91a5-1fc490c5cf69;2016-12-21
2BF3D1D4;d20acf7a-a4f7-11e6-91a5-1fc490c5cf69;2016-11-21
8BE76196;d20acf7b-a4f7-11e6-91a5-1fc490c5cf69;2016-11-02
916321BD;d20acf7c-a4f7-11e6-91a5-1fc490c5cf69;2016-12-30
4F3D41FC;d20acf7d-a4f7-11e6-91a5-1fc490c5cf69;2016-11-10
65BEF1BB;d20acf7e-a4f7-11e6-91a5-1fc490c5cf69;2016-12-18
949C3E87;d20acf7f-a4f7-11e6-91a5-1fc490c5cf69;2016-12-08
8E807136;d20acf80-a4f7-11e6-91a5-1fc490c5cf69;2016-11-13
5BFA24D6;d20acf81-a4f7-11e6-91a5-1fc490c5cf69;2016-11-16
E82B628D;d20acf82-a4f7-11e6-91a5-1fc490c5cf69;2016-12-29
7879E333;d20acf83-a4f7-11e6-91a5-1fc490c5cf69;2016-12-10
9AD6A9B;d20acf84-a4f7-11e6-91a5-1fc490c5cf69;2016-11-10
E95BE9DA;d20acf85-a4f7-11e6-91a5-1fc490c5cf69;2016-12-08
AE3B1D56;d20acf86-a4f7-11e6-91a5-1fc490c5cf69;2016-11-02
8666855A;d20acf87-a4f7-11e6-91a5-1fc490c5cf69;2016-11-28
D97388E3;d20acf88-a4f7-11e6-91a5-1fc490c5cf69;2016-11-17
1DFC8E68;d20acf89-a4f7-11e6-91a5-1fc490c5cf69;2016-12-08
3125D33C;d20acf8a-a4f7-11e6-91a5-1fc490c5cf69;2016-12-15
67E82E8B;d20acf8b-a4f7-11e6-91a5-1fc490c5cf69;2016-11-18
6CB37AF0;d20acf8c-a4f7-11e6-91a5-1fc490c5cf69;2016-11-03
E2EDC1C6;d20acf8d-a4f7-11e6-91a5-1fc490c5cf69;2016-12-11
6DCB12F5;d20acf8e-a4f7-11e6-91a5-1fc490c5cf69;2016-11-06
376FF999;d20acf8f-a4f7-11e6-91a5-1fc490c5cf69;2016-11-02
5F008FB7;d20acf90-a4f7-11e6-91a5-1fc490c5cf69;2016-12-26
898B97CC;d20acf91-a4f7-11e6-91a5-1fc490c5cf69;2016-11-07
7E5233E9;d20acf92-a4f7-11e6-91a5-1fc490c5cf69;2016-11-05
A915EC3E;d20acf93-a4f7-11e6-91a5-1fc490c5cf69;2016-12-05
C29CAD8F;d20acf94-a4f7-11e6-91a5-1fc490c5cf69;2016-12-11
A7BF46AF;d20acf95-a4f7-11e6-91a5-1fc490c5cf69;2016-12-09
6F134FA0;d20acf96-a4f7-11e6-91a5-1fc490c5cf69;2016-11-05
DF7FB6D8;d20acf97-a4f7-11e6-91a5-1fc490c5cf69;2016-11-19
50616CAC;d20acf98-a4f7-11e6-91a5-1fc490c5cf69;2016-12-26
ECED6C0F;d20acf99-a4f7-11e6-91a5-1fc490c5cf69;2017-01-01
E07CE1B9;d20acf9a-a4f7-11e6-91a5-1fc490c5cf69;2017-01-01
5CF2B292;d20acf9b-a4f7-11e6-91a5-1fc490c5cf69;2016-11-30
6C9209F1;d20acf9c-a4f7-11e6-91a5-1fc490c5cf69;2016-12-01
E6937D9B;d20acf9d-a4f7-11e6-91a5-1fc490c5cf69;2016-12-05
33D54CF9;d20acf9e-a4f7-11e6-91a5-1fc490c5cf69;2016-12-06
990D2FF0;d20acf9f-a4f7-11e6-91a5-1fc490c5cf69;2016-12-30
3394A6DD;d20acfa0-a4f7-11e6-91a5-1fc490c5cf69;2016-11-12
7611EDDE;d20acfa1-a4f7-11e6-91a5-1fc490c5cf69;2017-01-01
EF967EFC;d20acfa2-a4f7-11e6-91a5-1fc490c5cf69;2016-11-18
EFD04A59;d20acfa3-a4f7-11e6-91a5-1fc490c5cf69;2016-12-14
EC5A319D;d20acfa4-a4f7-11e6-91a5-1fc490c5cf69;2016-12-27
EA8A63C1;d20acfa5-a4f7-11e6-91a5-1fc490c5cf69;2016-11-07
18C6BA6A;d20acfa6-a4f7-11e6-91a5-1fc490c5cf69;2016-11-19
6BAA893B;d20acfa7-a4f7-11e6-91a5-1fc490c5cf69;2016-12-16
53B262CF;d20acfa8-a4f7-11e6-91a5-1fc490c5cf69;2016-11-19
BFE4B680;d20acfa9-a4f7-11e6-91a5-1fc490c5cf69;2016-11-18
2442DA54;d20acfaa-a4f7-11e6-91a5-1fc490c5cf69;2016-11-19
BE399F41;d20acfab-a4f7-11e6-91a5-1fc490c5cf69;2016-11-08
B86E42E7;d20acfac-a4f7-11e6-91a5-1fc490c5cf69;2016-11-29
D907A55F;d20acfad-a4f7-11e6-91a5-1fc490c5cf69;2016-12-21
508922D4;d20acfae-a4f7-11e6-91a5-1fc490c5cf69;2016-12-08
5BD05589;d20acfaf-a4f7-11e6-91a5-1fc490c5cf69;2016-11-10
6049D704;d20acfb0-a4f7-11e6-91a5-1fc490c5cf69;2016-12-16
936112B5;d20acfb1-a4f7-11e6-91a5-1fc490c5cf69;2016-12-22
CFC7F959;d20acfb2-a4f7-11e6-91a5-1fc490c5cf69;2016-11-18
84AE9ED6;d20acfb3-a4f7-11e6-91a5-1fc490c5cf69;2016-12-23
70E4FEC3;d20acfb4-a4f7-11e6-91a5-1fc490c5cf69;2016-11-30
D6059A58;d20acfb5-a4f7-11e6-91a5-1fc490c5cf69;2016-12-02
564C8DE8;d20acfb6-a4f7-11e6-91a5-1fc490c5cf69;2016-12-24
D642FE11;d20acfb7-a4f7-11e6-91a5-1fc490c5cf69;2016-11-01
9AA64674;d20acfb8-a4f7-11e6-91a5-1fc490c5cf69;2016-12-23
F3DA96E4;d20acfb9-a4f7-11e6-91a5-1fc490c5cf69;2016-12-22
3B9F3ED5;d20acfba-a4f7-11e6-91a5-1fc490c5cf69;2016-11-07
CF8B41DC;d20acfbb-a4f7-11e6-91a5-1fc490c5cf69;2016-11-21
FC099555;d20acfbc-a4f7-11e6-91a5-1fc490c5cf69;2016-11-22
A263B8C5;d20acfbd-a4f7-11e6-91a5-1fc490c5cf69;2016-11-29
811E8DA6;d20acfbe-a4f7-11e6-91a5-1fc490c5cf69;2016-11-25
E2AB8CB9;d20acfbf-a4f7-11e6-91a5-1fc490c5cf69;2016-12-29
AC8FD147;d20acfc0-a4f7-11e6-91a5-1fc490c5cf69;2016-12-06
EFD97C03;d20acfc1-a4f7-11e6-91a5-1fc490c5cf69;2016-12-20
A550E796;d20acfc2-a4f7-11e6-91a5-1fc490c5cf69;2016-11-06
9203DE89;d20acfc3-a4f7-11e6-91a5-1fc490c5cf69;2016-12-15
F71C5D30;d20acfc4-a4f7-11e6-91a5-1fc490c5cf69;2016-12-09
4C627979;d20acfc5-a4f7-11e6-91a5-1fc490c5cf69;2016-11-25
72BBF416;d20acfc6-a4f7-11e6-91a5-1fc490c5cf69;2016-11-01
C31FD43F;d20acfc7-a4f7-11e6-91a5-1fc490c5cf69;2016-12-22
D2D2A203;d20acfc8-a4f7-11e6-91a5-1fc490c5cf69;2016-11-15
608057EC;d20acfc9-a4f7-11e6-91a5-1fc490c5cf69;2016-11-21
A82CEFB2;d20acfca-a4f7-11e6-91a5-1fc490c5cf69;2016-12-04
F0A78143;d20acfcb-a4f7-11e6-91a5-1fc490c5cf69;2016-11-10
91F2954;d20acfcc-a4f7-11e6-91a5-1fc490c5cf69;2016-12-13
631A27B9;d20acfcd-a4f7-11e6-91a5-1fc490c5cf69;2016-12-14
28178F88;d20acfce-a4f7-11e6-91a5-1fc490c5cf69;2016-11-18
193854EE;d20acfcf-a4f7-11e6-91a5-1fc490c5cf69;2016-12-14
1C9461DA;d20acfd0-a4f7-11e6-91a5-1fc490c5cf69;2016-12-11
48F367E8;d20acfd1-a4f7-11e6-91a5-1fc490c5cf69;2017-01-01
547D3500;d20acfd2-a4f7-11e6-91a5-1fc490c5cf69;2016-11-11
93ECF082;d20acfd3-a4f7-11e6-91a5-1fc490c5cf69;2016-11-13
72B6DE0D;d20acfd4-a4f7-11e6-91a5-1fc490c5cf69;2016-11-17
10413C0B;d20acfd5-a4f7-11e6-91a5-1fc490c5cf69;2016-12-27
65FA3DB4;d20acfd6-a4f7-11e6-91a5-1fc490c5cf69;2016-12-20
CA5E5EDC;d20acfd7-a4f7-11e6-91a5-1fc490c5cf69;2016-12-07
75402681;d20acfd8-a4f7-11e6-91a5-1fc490c5cf69;2016-11-06
31405E81;d20af670-a4f7-11e6-91a5-1fc490c5cf69;2016-11-24
B492EFEF;d20af671-a4f7-11e6-91a5-1fc490c5cf69;2016-12-09
B49FE851;d20af672-a4f7-11e6-91a5-1fc490c5cf69;2016-12-12
51A349B;d20af673-a4f7-11e6-91a5-1fc490c5cf69;2016-11-24
9EF8CFA1;d20af674-a4f7-11e6-91a5-1fc490c5cf69;2016-12-10
6DD902D4;d20af675-a4f7-11e6-91a5-1fc490c5cf69;2016-12-23
2EF1C39F;d20af676-a4f7-11e6-91a5-1fc490c5cf69;2016-12-08
C8A2BF3B;d20af677-a4f7-11e6-91a5-1fc490c5cf69;2016-12-26
95ECEB8D;d20af678-a4f7-11e6-91a5-1fc490c5cf69;2016-12-12
63C69349;d20af679-a4f7-11e6-91a5-1fc490c5cf69;2016-12-06
45089B14;d20af67a-a4f7-11e6-91a5-1fc490c5cf69;2016-12-15
D98E79F2;d20af67b-a4f7-11e6-91a5-1fc490c5cf69;2016-12-02
9A8D390E;d20af67c-a4f7-11e6-91a5-1fc490c5cf69;2016-11-24
A862E780;d20af67d-a4f7-11e6-91a5-1fc490c5cf69;2016-12-09
224922BD;d20af67e-a4f7-11e6-91a5-1fc490c5cf69;2016-11-01
9458F3D1;d20af67f-a4f7-11e6-91a5-1fc490c5cf69;2016-12-27
65BCA576;d20af680-a4f7-11e6-91a5-1fc490c5cf69;2016-11-14
B689CBDA;d20af681-a4f7-11e6-91a5-1fc490c5cf69;2016-12-15
3EE4877F;d20af682-a4f7-11e6-91a5-1fc490c5cf69;2016-11-27
40A88516;d20af683-a4f7-11e6-91a5-1fc490c5cf69;2016-11-23
D2A96E8D;d20af684-a4f7-11e6-91a5-1fc490c5cf69;2016-11-30
4F9E6BCA;d20af685-a4f7-11e6-91a5-1fc490c5cf69;2016-12-13
73402C8C;d20af686-a4f7-11e6-91a5-1fc490c5cf69;2016-11-23
C78E2E1;d20af687-a4f7-11e6-91a5-1fc490c5cf69;2016-11-12
456F6408;d20af688-a4f7-11e6-91a5-1fc490c5cf69;2016-12-13
DA93B27E;d20af689-a4f7-11e6-91a5-1fc490c5cf69;2016-12-07
778FC817;d20af68a-a4f7-11e6-91a5-1fc490c5cf69;2016-12-04
95AACA05;d20af68b-a4f7-11e6-91a5-1fc490c5cf69;2016-12-06
32EC35D9;d20af68c-a4f7-11e6-91a5-1fc490c5cf69;2016-12-28
2F36C4E8;d20af68d-a4f7-11e6-91a5-1fc490c5cf69;2016-12-18
C0D6D434;d20af68e-a4f7-11e6-91a5-1fc490c5cf69;2016-12-01
7D0BEC28;d20af68f-a4f7-11e6-91a5-1fc490c5cf69;2016-11-26
8E458393;d20af690-a4f7-11e6-91a5-1fc490c5cf69;2016-12-14
5433388F;d20af691-a4f7-11e6-91a5-1fc490c5cf69;2016-11-01
B2F292F3;d20af692-a4f7-11e6-91a5-1fc490c5cf69;2016-11-22
40115910;d20af693-a4f7-11e6-91a5-1fc490c5cf69;2016-11-01
19695A38;d20af694-a4f7-11e6-91a5-1fc490c5cf69;2016-11-25
46C9A2F7;d20af695-a4f7-11e6-91a5-1fc490c5cf69;2016-12-05
663DF5B8;d20af696-a4f7-11e6-91a5-1fc490c5cf69;2016-11-20
48BE899A;d20af697-a4f7-11e6-91a5-1fc490c5cf69;2016-11-13
639D0950;d20af698-a4f7-11e6-91a5-1fc490c5cf69;2016-11-20
8E5E856C;d20af699-a4f7-11e6-91a5-1fc490c5cf69;2016-11-03
1D04C8F;d20af69a-a4f7-11e6-91a5-1fc490c5cf69;2016-11-25
7C707CA7;d20af69b-a4f7-11e6-91a5-1fc490c5cf69;2016-12-17
1F4E5B91;d20af69c-a4f7-11e6-91a5-1fc490c5cf69;2016-12-15
8218A887;d20af69d-a4f7-11e6-91a5-1fc490c5cf69;2016-12-25
1DA9C42;d20af69e-a4f7-11e6-91a5-1fc490c5cf69;2016-12-20
C10A04BB;d20af69f-a4f7-11e6-91a5-1fc490c5cf69;2016-12-07
7D8FB72;d20af6a0-a4f7-11e6-91a5-1fc490c5cf69;2016-11-06
6E85231A;d20af6a1-a4f7-11e6-91a5-1fc490c5cf69;2016-12-19
4171EC66;d20af6a2-a4f7-11e6-91a5-1fc490c5cf69;2016-12-13
9AB52527;d20af6a3-a4f7-11e6-91a5-1fc490c5cf69;2017-01-01
D17185E7;d20af6a4-a4f7-11e6-91a5-1fc490c5cf69;2016-12-18
D213D3BC;d20af6a5-a4f7-11e6-91a5-1fc490c5cf69;2016-12-13
6193A2FE;d20af6a6-a4f7-11e6-91a5-1fc490c5cf69;2016-12-04
E36C219C;d20af6a7-a4f7-11e6-91a5-1fc490c5cf69;2016-12-28
B1EDCEFC;d20af6a8-a4f7-11e6-91a5-1fc490c5cf69;2016-12-24
8E2C7DAA;d20af6a9-a4f7-11e6-91a5-1fc490c5cf69;2016-11-28
E88342C0;d20af6aa-a4f7-11e6-91a5-1fc490c5cf69;2016-11-24
3EECA206;d20af6ab-a4f7-11e6-91a5-1fc490c5cf69;2016-11-21
D5A06002;d20af6ac-a4f7-11e6-91a5-1fc490c5cf69;2016-11-03
921DA18A;d20af6ad-a4f7-11e6-91a5-1fc490c5cf69;2016-12-06
B30F187E;d20af6ae-a4f7-11e6-91a5-1fc490c5cf69;2016-12-08
B36E73AB;d20af6af-a4f7-11e6-91a5-1fc490c5cf69;2016-12-22
75B9C91F;d20af6b0-a4f7-11e6-91a5-1fc490c5cf69;2016-11-15
DF831CD7;d20af6b1-a4f7-11e6-91a5-1fc490c5cf69;2016-12-27
4CC815C2;d20af6b2-a4f7-11e6-91a5-1fc490c5cf69;2016-11-24
4B2E2558;d20af6b3-a4f7-11e6-91a5-1fc490c5cf69;2017-01-01
446B1930;d20af6b4-a4f7-11e6-91a5-1fc490c5cf69;2016-12-09
4CFE8A91;d20af6b5-a4f7-11e6-91a5-1fc490c5cf69;2016-11-02
D5418F45;d20af6b6-a4f7-11e6-91a5-1fc490c5cf69;2016-11-25
A6CEA46B;d20af6b7-a4f7-11e6-91a5-1fc490c5cf69;2016-11-05
51C220FB;d20af6b8-a4f7-11e6-91a5-1fc490c5cf69;2016-12-01
BEAD5F7D;d20af6b9-a4f7-11e6-91a5-1fc490c5cf69;2016-11-18
AB2FB8F4;d20af6ba-a4f7-11e6-91a5-1fc490c5cf69;2016-11-28
7519013;d20af6bb-a4f7-11e6-91a5-1fc490c5cf69;2016-12-17
9452803;d20af6bc-a4f7-11e6-91a5-1fc490c5cf69;2016-11-18
BCA8327;d20af6bd-a4f7-11e6-91a5-1fc490c5cf69;2016-11-07
243C5794;d20af6be-a4f7-11e6-91a5-1fc490c5cf69;2016-11-04
346930B4;d20af6bf-a4f7-11e6-91a5-1fc490c5cf69;2016-12-11
9F5AF2FC;d20af6c0-a4f7-11e6-91a5-1fc490c5cf69;2016-11-26
801C1416;d20af6c1-a4f7-11e6-91a5-1fc490c5cf69;2016-12-06
239F9449;d20af6c2-a4f7-11e6-91a5-1fc490c5cf69;2016-11-24
9E6709E4;d20af6c3-a4f7-11e6-91a5-1fc490c5cf69;2016-12-07
5735D56C;d20af6c4-a4f7-11e6-91a5-1fc490c5cf69;2016-12-12
FFF53016;d20af6c5-a4f7-11e6-91a5-1fc490c5cf69;2016-12-15
3DB1BC9D;d20af6c6-a4f7-11e6-91a5-1fc490c5cf69;2016-12-14
BE2253F0;d20af6c7-a4f7-11e6-91a5-1fc490c5cf69;2016-12-02
A9D4D566;d20af6c8-a4f7-11e6-91a5-1fc490c5cf69;2016-12-02
3D94E6EA;d20af6c9-a4f7-11e6-91a5-1fc490c5cf69;2016-12-04
3BDAD8E4;d20af6ca-a4f7-11e6-91a5-1fc490c5cf69;2016-12-21
939FA905;d20af6cb-a4f7-11e6-91a5-1fc490c5cf69;2016-12-26
B3B9A832;d20af6cc-a4f7-11e6-91a5-1fc490c5cf69;2016-12-22
69EB7BA9;d20af6cd-a4f7-11e6-91a5-1fc490c5cf69;2016-11-08
F17CDD22;d20af6ce-a4f7-11e6-91a5-1fc490c5cf69;2016-12-13
E34B0BB5;d20af6cf-a4f7-11e6-91a5-1fc490c5cf69;2016-12-13
E60122B3;d20af6d0-a4f7-11e6-91a5-1fc490c5cf69;2016-12-23
27B9E2D6;d20af6d1-a4f7-11e6-91a5-1fc490c5cf69;2016-11-04
19E028B1;d20af6d2-a4f7-11e6-91a5-1fc490c5cf69;2016-12-05
C1BD3A5;d20af6d3-a4f7-11e6-91a5-1fc490c5cf69;2016-12-15
AB463192;d20af6d4-a4f7-11e6-91a5-1fc490c5cf69;2016-12-19
F59B1FB0;d20af6d5-a4f7-11e6-91a5-1fc490c5cf69;2016-12-25
E73D0CD2;d20af6d6-a4f7-11e6-91a5-1fc490c5cf69;2016-11-18
BE322328;d20af6d7-a4f7-11e6-91a5-1fc490c5cf69;2016-12-17
9153DA14;d20af6d8-a4f7-11e6-91a5-1fc490c5cf69;2016-12-23
91BBB1D3;d20af6d9-a4f7-11e6-91a5-1fc490c5cf69;2016-12-22
A528FEA;d20af6da-a4f7-11e6-91a5-1fc490c5cf69;2016-11-02
3BF81B26;d20af6db-a4f7-11e6-91a5-1fc490c5cf69;2016-11-04
60D27670;d20af6dc-a4f7-11e6-91a5-1fc490c5cf69;2016-11-07
AB7124F2;d20af6dd-a4f7-11e6-91a5-1fc490c5cf69;2016-11-20
B6EB62C;d20af6de-a4f7-11e6-91a5-1fc490c5cf69;2016-11-08
2E4005C1;d20af6df-a4f7-11e6-91a5-1fc490c5cf69;2016-12-21
44894320;d20af6e0-a4f7-11e6-91a5-1fc490c5cf69;2016-11-26
A221663;d20af6e1-a4f7-11e6-91a5-1fc490c5cf69;2016-12-24
BFFC3A0A;d20af6e2-a4f7-11e6-91a5-1fc490c5cf69;2016-12-17
81C66DBE;d20af6e3-a4f7-11e6-91a5-1fc490c5cf69;2016-12-08
8285E647;d20af6e4-a4f7-11e6-91a5-1fc490c5cf69;2016-12-04
F2F81551;d20af6e5-a4f7-11e6-91a5-1fc490c5cf69;2016-11-06
7568FEC;d20af6e6-a4f7-11e6-91a5-1fc490c5cf69;2016-11-04
49A318C4;d20af6e7-a4f7-11e6-91a5-1fc490c5cf69;2017-01-01
608DF9C1;d20af6e8-a4f7-11e6-91a5-1fc490c5cf69;2016-11-25
6037A0F1;d20af6e9-a4f7-11e6-91a5-1fc490c5cf69;2016-11-30
D4180BAC;d20af6ea-a4f7-11e6-91a5-1fc490c5cf69;2016-11-18
6ACC610C;d20af6eb-a4f7-11e6-91a5-1fc490c5cf69;2016-12-07
178A4404;d20af6ec-a4f7-11e6-91a5-1fc490c5cf69;2016-12-07
F9726A3;d20af6ed-a4f7-11e6-91a5-1fc490c5cf69;2016-12-13
7953BF04;d20af6ee-a4f7-11e6-91a5-1fc490c5cf69;2016-11-12
D6E19816;d20af6ef-a4f7-11e6-91a5-1fc490c5cf69;2016-12-15
5BC66DDF;d20af6f0-a4f7-11e6-91a5-1fc490c5cf69;2016-11-21
72F822CA;d20af6f1-a4f7-11e6-91a5-1fc490c5cf69;2016-12-12
FF1E2A71;d20af6f2-a4f7-11e6-91a5-1fc490c5cf69;2016-12-18
D2C945D9;d20af6f3-a4f7-11e6-91a5-1fc490c5cf69;2016-11-16
863E3B14;d20af6f4-a4f7-11e6-91a5-1fc490c5cf69;2016-11-22
8E73F6DC;d20af6f5-a4f7-11e6-91a5-1fc490c5cf69;2016-12-05
C35983F4;d20af6f6-a4f7-11e6-91a5-1fc490c5cf69;2016-12-02
29835201;d20af6f7-a4f7-11e6-91a5-1fc490c5cf69;2016-12-29
82CF92BA;d20af6f8-a4f7-11e6-91a5-1fc490c5cf69;2016-12-01
DBAB956E;d20af6f9-a4f7-11e6-91a5-1fc490c5cf69;2016-12-29
21B71540;d20af6fa-a4f7-11e6-91a5-1fc490c5cf69;2016-11-16
C148DBFE;d20af6fb-a4f7-11e6-91a5-1fc490c5cf69;2016-11-20
DE77DC0C;d20af6fc-a4f7-11e6-91a5-1fc490c5cf69;2016-12-10
2241C501;d20af6fd-a4f7-11e6-91a5-1fc490c5cf69;2016-11-22
36793CF3;d20af6fe-a4f7-11e6-91a5-1fc490c5cf69;2016-11-18
F46555B9;d20af6ff-a4f7-11e6-91a5-1fc490c5cf69;2016-12-20
88C53A13;d20af700-a4f7-11e6-91a5-1fc490c5cf69;2016-11-26
62657E4A;d20af701-a4f7-11e6-91a5-1fc490c5cf69;2016-12-29
211A9E1A;d20af702-a4f7-11e6-91a5-1fc490c5cf69;2016-11-08
56375C2A;d20af703-a4f7-11e6-91a5-1fc490c5cf69;2016-12-07
748CA3D5;d20af704-a4f7-11e6-91a5-1fc490c5cf69;2016-11-21
F0F74018;d20af705-a4f7-11e6-91a5-1fc490c5cf69;2016-11-09
F8453BCF;d20af706-a4f7-11e6-91a5-1fc490c5cf69;2016-11-27
C3C3FC2C;d20af707-a4f7-11e6-91a5-1fc490c5cf69;2016-12-17
13844AFA;d20af708-a4f7-11e6-91a5-1fc490c5cf69;2016-12-08
57C9C889;d20af709-a4f7-11e6-91a5-1fc490c5cf69;2016-12-26
31D12E6E;d20af70a-a4f7-11e6-91a5-1fc490c5cf69;2016-11-19
324A4DE1;d20af70b-a4f7-11e6-91a5-1fc490c5cf69;2016-12-15
2C6D3B96;d20af70c-a4f7-11e6-91a5-1fc490c5cf69;2016-12-13
F39E0BD4;d20af70d-a4f7-11e6-91a5-1fc490c5cf69;2016-12-21
E73C9261;d20af70e-a4f7-11e6-91a5-1fc490c5cf69;2016-11-02
6F4E9B3;d20af70f-a4f7-11e6-91a5-1fc490c5cf69;2016-12-03
