"user_id","event_datetime","event_id","is_creator"
"d206fed0-a4f7-11e6-91a5-1fc490c5cf69",2017-07-09,"7fe92580-a8e2-11e6-8597-f9ef43490d96",1
"d208ac80-a4f7-11e6-91a5-1fc490c5cf69",2017-11-25,"7feafa40-a8e2-11e6-8597-f9ef43490d96",1
"d208d390-a4f7-11e6-91a5-1fc490c5cf69",2017-12-01,"7feafa41-a8e2-11e6-8597-f9ef43490d96",0
"d208d391-a4f7-11e6-91a5-1fc490c5cf69",2017-03-22,"7feafa42-a8e2-11e6-8597-f9ef43490d96",1
"d208d392-a4f7-11e6-91a5-1fc490c5cf69",2017-03-11,"7feb2150-a8e2-11e6-8597-f9ef43490d96",0
"d208d393-a4f7-11e6-91a5-1fc490c5cf69",2017-01-13,"7feb2151-a8e2-11e6-8597-f9ef43490d96",1
"d208d394-a4f7-11e6-91a5-1fc490c5cf69",2017-01-19,"7feb2152-a8e2-11e6-8597-f9ef43490d96",0
"d208d395-a4f7-11e6-91a5-1fc490c5cf69",2017-05-27,"7feb2153-a8e2-11e6-8597-f9ef43490d96",1
"d208d396-a4f7-11e6-91a5-1fc490c5cf69",2017-11-22,"7feb2154-a8e2-11e6-8597-f9ef43490d96",0
"d208d397-a4f7-11e6-91a5-1fc490c5cf69",2017-07-12,"7feb2155-a8e2-11e6-8597-f9ef43490d96",0
"d208d398-a4f7-11e6-91a5-1fc490c5cf69",2017-02-14,"7feb2156-a8e2-11e6-8597-f9ef43490d96",0
"d208d399-a4f7-11e6-91a5-1fc490c5cf69",2017-12-30,"7feb2157-a8e2-11e6-8597-f9ef43490d96",1
"d208d39a-a4f7-11e6-91a5-1fc490c5cf69",2017-11-09,"7feb2158-a8e2-11e6-8597-f9ef43490d96",1
"d208d39b-a4f7-11e6-91a5-1fc490c5cf69",2017-03-19,"7feb2159-a8e2-11e6-8597-f9ef43490d96",1
"d208d39c-a4f7-11e6-91a5-1fc490c5cf69",2017-01-05,"7feb215a-a8e2-11e6-8597-f9ef43490d96",0
"d208d39d-a4f7-11e6-91a5-1fc490c5cf69",2017-09-28,"7feb215b-a8e2-11e6-8597-f9ef43490d96",1
"d208d39e-a4f7-11e6-91a5-1fc490c5cf69",2017-11-27,"7feb215c-a8e2-11e6-8597-f9ef43490d96",0
"d208faa0-a4f7-11e6-91a5-1fc490c5cf69",2017-12-14,"7feb4860-a8e2-11e6-8597-f9ef43490d96",0
"d208faa1-a4f7-11e6-91a5-1fc490c5cf69",2017-03-21,"7feb4861-a8e2-11e6-8597-f9ef43490d96",0
"d208faa2-a4f7-11e6-91a5-1fc490c5cf69",2017-04-27,"7feb4862-a8e2-11e6-8597-f9ef43490d96",1
"d208faa3-a4f7-11e6-91a5-1fc490c5cf69",2017-04-20,"7feb4863-a8e2-11e6-8597-f9ef43490d96",0
"d208faa4-a4f7-11e6-91a5-1fc490c5cf69",2017-12-14,"7feb4864-a8e2-11e6-8597-f9ef43490d96",0
"d208faa5-a4f7-11e6-91a5-1fc490c5cf69",2017-09-24,"7feb4865-a8e2-11e6-8597-f9ef43490d96",0
"d208faa6-a4f7-11e6-91a5-1fc490c5cf69",2017-08-20,"7feb4866-a8e2-11e6-8597-f9ef43490d96",0
"d208faa7-a4f7-11e6-91a5-1fc490c5cf69",2017-07-23,"7feb4867-a8e2-11e6-8597-f9ef43490d96",0
"d208faa8-a4f7-11e6-91a5-1fc490c5cf69",2017-07-22,"7feb4868-a8e2-11e6-8597-f9ef43490d96",0
"d208faa9-a4f7-11e6-91a5-1fc490c5cf69",2017-06-11,"7feb4869-a8e2-11e6-8597-f9ef43490d96",1
"d208faaa-a4f7-11e6-91a5-1fc490c5cf69",2017-10-27,"7feb486a-a8e2-11e6-8597-f9ef43490d96",0
"d208faab-a4f7-11e6-91a5-1fc490c5cf69",2017-10-27,"7feb486b-a8e2-11e6-8597-f9ef43490d96",1
"d208faac-a4f7-11e6-91a5-1fc490c5cf69",2017-12-11,"7feb486c-a8e2-11e6-8597-f9ef43490d96",1
"d208faad-a4f7-11e6-91a5-1fc490c5cf69",2016-12-18,"7feb486d-a8e2-11e6-8597-f9ef43490d96",0
"d208faae-a4f7-11e6-91a5-1fc490c5cf69",2017-09-19,"7feb486e-a8e2-11e6-8597-f9ef43490d96",1
"d208faaf-a4f7-11e6-91a5-1fc490c5cf69",2017-02-20,"7feb486f-a8e2-11e6-8597-f9ef43490d96",0
"d208fab0-a4f7-11e6-91a5-1fc490c5cf69",2017-09-23,"7feb6f70-a8e2-11e6-8597-f9ef43490d96",0
"d208fab1-a4f7-11e6-91a5-1fc490c5cf69",2017-08-16,"7feb6f71-a8e2-11e6-8597-f9ef43490d96",1
"d208fab2-a4f7-11e6-91a5-1fc490c5cf69",2016-11-11,"7feb6f72-a8e2-11e6-8597-f9ef43490d96",1
"d208fab3-a4f7-11e6-91a5-1fc490c5cf69",2017-07-05,"7feb6f73-a8e2-11e6-8597-f9ef43490d96",1
"d208fab4-a4f7-11e6-91a5-1fc490c5cf69",2017-08-11,"7feb6f74-a8e2-11e6-8597-f9ef43490d96",0
"d208fab5-a4f7-11e6-91a5-1fc490c5cf69",2017-11-20,"7feb6f75-a8e2-11e6-8597-f9ef43490d96",1
"d208fab6-a4f7-11e6-91a5-1fc490c5cf69",2017-07-15,"7feb6f76-a8e2-11e6-8597-f9ef43490d96",0
"d208fab7-a4f7-11e6-91a5-1fc490c5cf69",2017-03-18,"7feb6f77-a8e2-11e6-8597-f9ef43490d96",0
"d208fab8-a4f7-11e6-91a5-1fc490c5cf69",2016-11-08,"7feb6f78-a8e2-11e6-8597-f9ef43490d96",1
"d208fab9-a4f7-11e6-91a5-1fc490c5cf69",2017-08-25,"7feb6f79-a8e2-11e6-8597-f9ef43490d96",1
"d208faba-a4f7-11e6-91a5-1fc490c5cf69",2017-12-20,"7feb6f7a-a8e2-11e6-8597-f9ef43490d96",1
"d208fabb-a4f7-11e6-91a5-1fc490c5cf69",2017-12-21,"7feb6f7b-a8e2-11e6-8597-f9ef43490d96",1
"d208fabc-a4f7-11e6-91a5-1fc490c5cf69",2017-02-01,"7feb6f7c-a8e2-11e6-8597-f9ef43490d96",1
"d208fabd-a4f7-11e6-91a5-1fc490c5cf69",2017-12-10,"7feb6f7d-a8e2-11e6-8597-f9ef43490d96",1
"d208fabe-a4f7-11e6-91a5-1fc490c5cf69",2016-12-05,"7feb6f7e-a8e2-11e6-8597-f9ef43490d96",0
"d208fabf-a4f7-11e6-91a5-1fc490c5cf69",2017-02-13,"7feb6f7f-a8e2-11e6-8597-f9ef43490d96",1
"d208fac0-a4f7-11e6-91a5-1fc490c5cf69",2017-02-03,"7feb6f80-a8e2-11e6-8597-f9ef43490d96",0
"d208fac1-a4f7-11e6-91a5-1fc490c5cf69",2017-12-18,"7feb6f81-a8e2-11e6-8597-f9ef43490d96",0
"d208fac2-a4f7-11e6-91a5-1fc490c5cf69",2017-09-11,"7feb6f82-a8e2-11e6-8597-f9ef43490d96",1
"d208fac3-a4f7-11e6-91a5-1fc490c5cf69",2017-07-16,"7feb6f83-a8e2-11e6-8597-f9ef43490d96",0
"d208fac4-a4f7-11e6-91a5-1fc490c5cf69",2016-11-20,"7feb6f84-a8e2-11e6-8597-f9ef43490d96",0
"d208fac5-a4f7-11e6-91a5-1fc490c5cf69",2017-02-16,"7feb6f85-a8e2-11e6-8597-f9ef43490d96",1
"d208fac6-a4f7-11e6-91a5-1fc490c5cf69",2017-03-31,"7feb6f86-a8e2-11e6-8597-f9ef43490d96",1
"d208fac7-a4f7-11e6-91a5-1fc490c5cf69",2017-10-16,"7feb6f87-a8e2-11e6-8597-f9ef43490d96",1
"d208fac8-a4f7-11e6-91a5-1fc490c5cf69",2017-05-15,"7feb9680-a8e2-11e6-8597-f9ef43490d96",1
"d208fac9-a4f7-11e6-91a5-1fc490c5cf69",2017-06-29,"7feb9681-a8e2-11e6-8597-f9ef43490d96",1
"d208faca-a4f7-11e6-91a5-1fc490c5cf69",2017-08-30,"7feb9682-a8e2-11e6-8597-f9ef43490d96",1
"d208facb-a4f7-11e6-91a5-1fc490c5cf69",2016-12-29,"7feb9683-a8e2-11e6-8597-f9ef43490d96",0
"d208facc-a4f7-11e6-91a5-1fc490c5cf69",2017-07-08,"7feb9684-a8e2-11e6-8597-f9ef43490d96",0
"d208facd-a4f7-11e6-91a5-1fc490c5cf69",2017-11-14,"7feb9685-a8e2-11e6-8597-f9ef43490d96",1
"d208face-a4f7-11e6-91a5-1fc490c5cf69",2016-11-19,"7feb9686-a8e2-11e6-8597-f9ef43490d96",1
"d208facf-a4f7-11e6-91a5-1fc490c5cf69",2017-03-12,"7feb9687-a8e2-11e6-8597-f9ef43490d96",1
"d20921b0-a4f7-11e6-91a5-1fc490c5cf69",2017-07-30,"7feb9688-a8e2-11e6-8597-f9ef43490d96",0
"d20921b1-a4f7-11e6-91a5-1fc490c5cf69",2017-03-08,"7feb9689-a8e2-11e6-8597-f9ef43490d96",0
"d20921b2-a4f7-11e6-91a5-1fc490c5cf69",2017-08-05,"7feb968a-a8e2-11e6-8597-f9ef43490d96",0
"d20921b3-a4f7-11e6-91a5-1fc490c5cf69",2017-11-14,"7feb968b-a8e2-11e6-8597-f9ef43490d96",0
"d20921b4-a4f7-11e6-91a5-1fc490c5cf69",2017-09-20,"7feb968c-a8e2-11e6-8597-f9ef43490d96",1
"d20921b5-a4f7-11e6-91a5-1fc490c5cf69",2017-09-19,"7feb968d-a8e2-11e6-8597-f9ef43490d96",1
"d20921b6-a4f7-11e6-91a5-1fc490c5cf69",2017-08-07,"7feb968e-a8e2-11e6-8597-f9ef43490d96",1
"d20921b7-a4f7-11e6-91a5-1fc490c5cf69",2017-09-05,"7feb968f-a8e2-11e6-8597-f9ef43490d96",1
"d20921b8-a4f7-11e6-91a5-1fc490c5cf69",2017-02-20,"7feb9690-a8e2-11e6-8597-f9ef43490d96",1
"d20921b9-a4f7-11e6-91a5-1fc490c5cf69",2016-11-12,"7feb9691-a8e2-11e6-8597-f9ef43490d96",1
"d20921ba-a4f7-11e6-91a5-1fc490c5cf69",2017-03-22,"7febbd90-a8e2-11e6-8597-f9ef43490d96",0
"d20921bb-a4f7-11e6-91a5-1fc490c5cf69",2017-07-18,"7febbd91-a8e2-11e6-8597-f9ef43490d96",0
"d20921bc-a4f7-11e6-91a5-1fc490c5cf69",2016-11-17,"7febbd92-a8e2-11e6-8597-f9ef43490d96",0
"d20921bd-a4f7-11e6-91a5-1fc490c5cf69",2017-09-03,"7febbd93-a8e2-11e6-8597-f9ef43490d96",1
"d20921be-a4f7-11e6-91a5-1fc490c5cf69",2017-08-17,"7febbd94-a8e2-11e6-8597-f9ef43490d96",1
"d20921bf-a4f7-11e6-91a5-1fc490c5cf69",2016-11-13,"7febbd95-a8e2-11e6-8597-f9ef43490d96",1
"d20921c0-a4f7-11e6-91a5-1fc490c5cf69",2016-11-29,"7febbd96-a8e2-11e6-8597-f9ef43490d96",0
"d20921c1-a4f7-11e6-91a5-1fc490c5cf69",2017-08-01,"7febbd97-a8e2-11e6-8597-f9ef43490d96",0
"d20921c2-a4f7-11e6-91a5-1fc490c5cf69",2017-02-16,"7febbd98-a8e2-11e6-8597-f9ef43490d96",1
"d20921c3-a4f7-11e6-91a5-1fc490c5cf69",2017-07-02,"7febbd99-a8e2-11e6-8597-f9ef43490d96",1
"d20921c4-a4f7-11e6-91a5-1fc490c5cf69",2016-11-22,"7febbd9a-a8e2-11e6-8597-f9ef43490d96",1
"d20921c5-a4f7-11e6-91a5-1fc490c5cf69",2016-12-23,"7febbd9b-a8e2-11e6-8597-f9ef43490d96",0
"d20921c6-a4f7-11e6-91a5-1fc490c5cf69",2017-12-07,"7febbd9c-a8e2-11e6-8597-f9ef43490d96",0
"d20921c7-a4f7-11e6-91a5-1fc490c5cf69",2017-05-14,"7febbd9d-a8e2-11e6-8597-f9ef43490d96",0
"d20921c8-a4f7-11e6-91a5-1fc490c5cf69",2017-02-20,"7febbd9e-a8e2-11e6-8597-f9ef43490d96",0
"d20921c9-a4f7-11e6-91a5-1fc490c5cf69",2017-05-10,"7febbd9f-a8e2-11e6-8597-f9ef43490d96",0
"d20921ca-a4f7-11e6-91a5-1fc490c5cf69",2017-07-10,"7febbda0-a8e2-11e6-8597-f9ef43490d96",1
"d20921cb-a4f7-11e6-91a5-1fc490c5cf69",2017-10-23,"7febbda1-a8e2-11e6-8597-f9ef43490d96",1
"d20921cc-a4f7-11e6-91a5-1fc490c5cf69",2017-10-20,"7febbda2-a8e2-11e6-8597-f9ef43490d96",0
"d20921cd-a4f7-11e6-91a5-1fc490c5cf69",2017-02-13,"7febbda3-a8e2-11e6-8597-f9ef43490d96",1
"d20921ce-a4f7-11e6-91a5-1fc490c5cf69",2017-02-02,"7febbda4-a8e2-11e6-8597-f9ef43490d96",1
"d20921cf-a4f7-11e6-91a5-1fc490c5cf69",2017-08-06,"7febbda5-a8e2-11e6-8597-f9ef43490d96",0
"d20921d0-a4f7-11e6-91a5-1fc490c5cf69",2017-09-20,"7febbda6-a8e2-11e6-8597-f9ef43490d96",1
"d20921d1-a4f7-11e6-91a5-1fc490c5cf69",2017-11-12,"7febbda7-a8e2-11e6-8597-f9ef43490d96",0
"d20921d2-a4f7-11e6-91a5-1fc490c5cf69",2017-03-06,"7febe4a0-a8e2-11e6-8597-f9ef43490d96",1
"d20921d3-a4f7-11e6-91a5-1fc490c5cf69",2017-07-03,"7febe4a1-a8e2-11e6-8597-f9ef43490d96",1
"d20921d4-a4f7-11e6-91a5-1fc490c5cf69",2017-07-19,"7febe4a2-a8e2-11e6-8597-f9ef43490d96",1
"d20921d5-a4f7-11e6-91a5-1fc490c5cf69",2017-07-07,"7febe4a3-a8e2-11e6-8597-f9ef43490d96",1
"d20921d6-a4f7-11e6-91a5-1fc490c5cf69",2017-05-06,"7febe4a4-a8e2-11e6-8597-f9ef43490d96",0
"d20921d7-a4f7-11e6-91a5-1fc490c5cf69",2017-02-21,"7febe4a5-a8e2-11e6-8597-f9ef43490d96",1
"d20921d8-a4f7-11e6-91a5-1fc490c5cf69",2017-04-30,"7febe4a6-a8e2-11e6-8597-f9ef43490d96",0
"d20921d9-a4f7-11e6-91a5-1fc490c5cf69",2017-02-07,"7febe4a7-a8e2-11e6-8597-f9ef43490d96",0
"d20921da-a4f7-11e6-91a5-1fc490c5cf69",2017-04-19,"7febe4a8-a8e2-11e6-8597-f9ef43490d96",0
"d20921db-a4f7-11e6-91a5-1fc490c5cf69",2017-11-06,"7febe4a9-a8e2-11e6-8597-f9ef43490d96",1
"d20921dc-a4f7-11e6-91a5-1fc490c5cf69",2017-11-18,"7febe4aa-a8e2-11e6-8597-f9ef43490d96",1
"d20921dd-a4f7-11e6-91a5-1fc490c5cf69",2017-08-09,"7febe4ab-a8e2-11e6-8597-f9ef43490d96",1
"d20948c0-a4f7-11e6-91a5-1fc490c5cf69",2017-02-27,"7febe4ac-a8e2-11e6-8597-f9ef43490d96",1
"d20948c1-a4f7-11e6-91a5-1fc490c5cf69",2017-06-17,"7febe4ad-a8e2-11e6-8597-f9ef43490d96",1
"d20948c2-a4f7-11e6-91a5-1fc490c5cf69",2017-06-28,"7febe4ae-a8e2-11e6-8597-f9ef43490d96",1
"d20948c3-a4f7-11e6-91a5-1fc490c5cf69",2016-11-17,"7febe4af-a8e2-11e6-8597-f9ef43490d96",1
"d20948c4-a4f7-11e6-91a5-1fc490c5cf69",2017-09-13,"7febe4b0-a8e2-11e6-8597-f9ef43490d96",1
"d20948c5-a4f7-11e6-91a5-1fc490c5cf69",2017-01-12,"7febe4b1-a8e2-11e6-8597-f9ef43490d96",1
"d20948c6-a4f7-11e6-91a5-1fc490c5cf69",2017-01-23,"7febe4b2-a8e2-11e6-8597-f9ef43490d96",0
"d20948c7-a4f7-11e6-91a5-1fc490c5cf69",2017-04-27,"7febe4b3-a8e2-11e6-8597-f9ef43490d96",0
"d20948c8-a4f7-11e6-91a5-1fc490c5cf69",2017-10-27,"7febe4b4-a8e2-11e6-8597-f9ef43490d96",1
"d20948c9-a4f7-11e6-91a5-1fc490c5cf69",2017-12-20,"7febe4b5-a8e2-11e6-8597-f9ef43490d96",1
"d20948ca-a4f7-11e6-91a5-1fc490c5cf69",2017-07-08,"7febe4b6-a8e2-11e6-8597-f9ef43490d96",1
"d20948cb-a4f7-11e6-91a5-1fc490c5cf69",2017-06-29,"7febe4b7-a8e2-11e6-8597-f9ef43490d96",1
"d20948cc-a4f7-11e6-91a5-1fc490c5cf69",2016-11-22,"7fec0bb0-a8e2-11e6-8597-f9ef43490d96",1
"d20948cd-a4f7-11e6-91a5-1fc490c5cf69",2017-10-27,"7fec0bb1-a8e2-11e6-8597-f9ef43490d96",0
"d20948ce-a4f7-11e6-91a5-1fc490c5cf69",2017-10-25,"7fec0bb2-a8e2-11e6-8597-f9ef43490d96",1
"d20948cf-a4f7-11e6-91a5-1fc490c5cf69",2017-08-12,"7fec0bb3-a8e2-11e6-8597-f9ef43490d96",0
"d20948d0-a4f7-11e6-91a5-1fc490c5cf69",2017-02-11,"7fec0bb4-a8e2-11e6-8597-f9ef43490d96",1
"d20948d1-a4f7-11e6-91a5-1fc490c5cf69",2017-02-20,"7fec0bb5-a8e2-11e6-8597-f9ef43490d96",0
"d20948d2-a4f7-11e6-91a5-1fc490c5cf69",2017-03-26,"7fec0bb6-a8e2-11e6-8597-f9ef43490d96",1
"d20948d3-a4f7-11e6-91a5-1fc490c5cf69",2017-06-15,"7fec0bb7-a8e2-11e6-8597-f9ef43490d96",1
"d20948d4-a4f7-11e6-91a5-1fc490c5cf69",2017-12-27,"7fec0bb8-a8e2-11e6-8597-f9ef43490d96",1
"d20996e0-a4f7-11e6-91a5-1fc490c5cf69",2017-09-30,"7fec59d0-a8e2-11e6-8597-f9ef43490d96",0
"d20996e1-a4f7-11e6-91a5-1fc490c5cf69",2017-07-27,"7fec59d1-a8e2-11e6-8597-f9ef43490d96",1
"d20996e2-a4f7-11e6-91a5-1fc490c5cf69",2017-08-12,"7fec59d2-a8e2-11e6-8597-f9ef43490d96",0
"d20996e3-a4f7-11e6-91a5-1fc490c5cf69",2017-01-04,"7fec80e0-a8e2-11e6-8597-f9ef43490d96",0
"d20996e4-a4f7-11e6-91a5-1fc490c5cf69",2017-10-22,"7fec80e1-a8e2-11e6-8597-f9ef43490d96",1
"d20996e5-a4f7-11e6-91a5-1fc490c5cf69",2017-06-19,"7fec80e2-a8e2-11e6-8597-f9ef43490d96",1
"d20996e6-a4f7-11e6-91a5-1fc490c5cf69",2017-03-13,"7fec80e3-a8e2-11e6-8597-f9ef43490d96",1
"d20996e7-a4f7-11e6-91a5-1fc490c5cf69",2017-08-01,"7feca7f0-a8e2-11e6-8597-f9ef43490d96",1
"d20996e8-a4f7-11e6-91a5-1fc490c5cf69",2017-03-12,"7feca7f1-a8e2-11e6-8597-f9ef43490d96",0
"d20996e9-a4f7-11e6-91a5-1fc490c5cf69",2017-01-18,"7feca7f2-a8e2-11e6-8597-f9ef43490d96",0
"d20996ea-a4f7-11e6-91a5-1fc490c5cf69",2016-12-17,"7feca7f3-a8e2-11e6-8597-f9ef43490d96",0
"d20996eb-a4f7-11e6-91a5-1fc490c5cf69",2017-06-14,"7feca7f4-a8e2-11e6-8597-f9ef43490d96",0
"d20996ec-a4f7-11e6-91a5-1fc490c5cf69",2017-01-04,"7feca7f5-a8e2-11e6-8597-f9ef43490d96",1
"d20996ed-a4f7-11e6-91a5-1fc490c5cf69",2017-05-11,"7feca7f6-a8e2-11e6-8597-f9ef43490d96",0
"d20996ee-a4f7-11e6-91a5-1fc490c5cf69",2017-07-10,"7feca7f7-a8e2-11e6-8597-f9ef43490d96",0
"d20996ef-a4f7-11e6-91a5-1fc490c5cf69",2017-09-03,"7feca7f8-a8e2-11e6-8597-f9ef43490d96",1
"d20996f0-a4f7-11e6-91a5-1fc490c5cf69",2017-11-25,"7feca7f9-a8e2-11e6-8597-f9ef43490d96",1
"d20996f1-a4f7-11e6-91a5-1fc490c5cf69",2017-05-05,"7feca7fa-a8e2-11e6-8597-f9ef43490d96",1
"d20996f2-a4f7-11e6-91a5-1fc490c5cf69",2016-12-07,"7feca7fb-a8e2-11e6-8597-f9ef43490d96",1
"d20996f3-a4f7-11e6-91a5-1fc490c5cf69",2016-12-15,"7feca7fc-a8e2-11e6-8597-f9ef43490d96",0
"d20996f4-a4f7-11e6-91a5-1fc490c5cf69",2016-12-02,"7feca7fd-a8e2-11e6-8597-f9ef43490d96",0
"d20996f5-a4f7-11e6-91a5-1fc490c5cf69",2017-03-20,"7feca7fe-a8e2-11e6-8597-f9ef43490d96",0
"d20996f6-a4f7-11e6-91a5-1fc490c5cf69",2017-04-23,"7feca7ff-a8e2-11e6-8597-f9ef43490d96",1
"d20996f7-a4f7-11e6-91a5-1fc490c5cf69",2017-04-24,"7feca800-a8e2-11e6-8597-f9ef43490d96",0
"d20996f8-a4f7-11e6-91a5-1fc490c5cf69",2016-12-24,"7feca801-a8e2-11e6-8597-f9ef43490d96",0
"d20996f9-a4f7-11e6-91a5-1fc490c5cf69",2017-01-09,"7feca802-a8e2-11e6-8597-f9ef43490d96",1
"d20996fa-a4f7-11e6-91a5-1fc490c5cf69",2017-01-19,"7feca803-a8e2-11e6-8597-f9ef43490d96",1
"d20996fb-a4f7-11e6-91a5-1fc490c5cf69",2017-03-22,"7feca804-a8e2-11e6-8597-f9ef43490d96",0
"d20996fc-a4f7-11e6-91a5-1fc490c5cf69",2016-12-28,"7feca805-a8e2-11e6-8597-f9ef43490d96",1
"d20996fd-a4f7-11e6-91a5-1fc490c5cf69",2017-11-14,"7feca806-a8e2-11e6-8597-f9ef43490d96",1
"d20996fe-a4f7-11e6-91a5-1fc490c5cf69",2017-06-20,"7feca807-a8e2-11e6-8597-f9ef43490d96",0
"d20996ff-a4f7-11e6-91a5-1fc490c5cf69",2017-11-15,"7feccf00-a8e2-11e6-8597-f9ef43490d96",1
"d2099700-a4f7-11e6-91a5-1fc490c5cf69",2017-11-01,"7feccf01-a8e2-11e6-8597-f9ef43490d96",0
"d2099701-a4f7-11e6-91a5-1fc490c5cf69",2017-03-25,"7feccf02-a8e2-11e6-8597-f9ef43490d96",1
"d2099702-a4f7-11e6-91a5-1fc490c5cf69",2017-07-28,"7feccf03-a8e2-11e6-8597-f9ef43490d96",0
"d2099703-a4f7-11e6-91a5-1fc490c5cf69",2017-07-18,"7feccf04-a8e2-11e6-8597-f9ef43490d96",1
"d2099704-a4f7-11e6-91a5-1fc490c5cf69",2017-11-24,"7feccf05-a8e2-11e6-8597-f9ef43490d96",1
"d2099705-a4f7-11e6-91a5-1fc490c5cf69",2017-08-06,"7feccf06-a8e2-11e6-8597-f9ef43490d96",1
"d2099706-a4f7-11e6-91a5-1fc490c5cf69",2017-05-26,"7feccf07-a8e2-11e6-8597-f9ef43490d96",0
"d2099707-a4f7-11e6-91a5-1fc490c5cf69",2017-01-31,"7feccf08-a8e2-11e6-8597-f9ef43490d96",0
"d2099708-a4f7-11e6-91a5-1fc490c5cf69",2017-11-04,"7feccf09-a8e2-11e6-8597-f9ef43490d96",1
"d2099709-a4f7-11e6-91a5-1fc490c5cf69",2017-05-21,"7feccf0a-a8e2-11e6-8597-f9ef43490d96",0
"d209970a-a4f7-11e6-91a5-1fc490c5cf69",2017-01-30,"7feccf0b-a8e2-11e6-8597-f9ef43490d96",1
"d209970b-a4f7-11e6-91a5-1fc490c5cf69",2017-03-01,"7feccf0c-a8e2-11e6-8597-f9ef43490d96",0
"d209970c-a4f7-11e6-91a5-1fc490c5cf69",2017-12-12,"7feccf0d-a8e2-11e6-8597-f9ef43490d96",0
"d209970d-a4f7-11e6-91a5-1fc490c5cf69",2017-10-08,"7feccf0e-a8e2-11e6-8597-f9ef43490d96",1
"d209970e-a4f7-11e6-91a5-1fc490c5cf69",2017-05-25,"7feccf0f-a8e2-11e6-8597-f9ef43490d96",0
"d209970f-a4f7-11e6-91a5-1fc490c5cf69",2017-05-28,"7feccf10-a8e2-11e6-8597-f9ef43490d96",0
"d2099710-a4f7-11e6-91a5-1fc490c5cf69",2016-12-19,"7feccf11-a8e2-11e6-8597-f9ef43490d96",0
"d2099711-a4f7-11e6-91a5-1fc490c5cf69",2017-10-14,"7feccf12-a8e2-11e6-8597-f9ef43490d96",0
"d2099712-a4f7-11e6-91a5-1fc490c5cf69",2017-02-12,"7feccf13-a8e2-11e6-8597-f9ef43490d96",0
"d2099713-a4f7-11e6-91a5-1fc490c5cf69",2017-08-14,"7feccf14-a8e2-11e6-8597-f9ef43490d96",1
"d2099714-a4f7-11e6-91a5-1fc490c5cf69",2017-11-01,"7feccf15-a8e2-11e6-8597-f9ef43490d96",1
"d2099715-a4f7-11e6-91a5-1fc490c5cf69",2017-07-30,"7feccf16-a8e2-11e6-8597-f9ef43490d96",1
"d2099716-a4f7-11e6-91a5-1fc490c5cf69",2017-10-14,"7feccf17-a8e2-11e6-8597-f9ef43490d96",0
"d2099717-a4f7-11e6-91a5-1fc490c5cf69",2017-08-05,"7feccf18-a8e2-11e6-8597-f9ef43490d96",0
"d2099718-a4f7-11e6-91a5-1fc490c5cf69",2017-03-30,"7feccf19-a8e2-11e6-8597-f9ef43490d96",1
"d2099719-a4f7-11e6-91a5-1fc490c5cf69",2017-03-23,"7fecf610-a8e2-11e6-8597-f9ef43490d96",0
"d209971a-a4f7-11e6-91a5-1fc490c5cf69",2016-12-14,"7fecf611-a8e2-11e6-8597-f9ef43490d96",1
"d209971b-a4f7-11e6-91a5-1fc490c5cf69",2017-09-10,"7fecf612-a8e2-11e6-8597-f9ef43490d96",1
"d209971c-a4f7-11e6-91a5-1fc490c5cf69",2017-04-24,"7fecf613-a8e2-11e6-8597-f9ef43490d96",0
"d209971d-a4f7-11e6-91a5-1fc490c5cf69",2017-07-12,"7fecf614-a8e2-11e6-8597-f9ef43490d96",0
"d209971e-a4f7-11e6-91a5-1fc490c5cf69",2016-12-30,"7fecf615-a8e2-11e6-8597-f9ef43490d96",1
"d209971f-a4f7-11e6-91a5-1fc490c5cf69",2017-11-05,"7fecf616-a8e2-11e6-8597-f9ef43490d96",1
"d2099720-a4f7-11e6-91a5-1fc490c5cf69",2017-11-04,"7fecf617-a8e2-11e6-8597-f9ef43490d96",0
"d2099721-a4f7-11e6-91a5-1fc490c5cf69",2017-06-17,"7fecf618-a8e2-11e6-8597-f9ef43490d96",0
"d2099722-a4f7-11e6-91a5-1fc490c5cf69",2017-09-03,"7fecf619-a8e2-11e6-8597-f9ef43490d96",1
"d2099723-a4f7-11e6-91a5-1fc490c5cf69",2017-10-25,"7fecf61a-a8e2-11e6-8597-f9ef43490d96",0
"d2099724-a4f7-11e6-91a5-1fc490c5cf69",2017-01-19,"7fecf61b-a8e2-11e6-8597-f9ef43490d96",0
"d2099725-a4f7-11e6-91a5-1fc490c5cf69",2016-11-29,"7fecf61c-a8e2-11e6-8597-f9ef43490d96",0
"d2099726-a4f7-11e6-91a5-1fc490c5cf69",2017-03-07,"7fecf61d-a8e2-11e6-8597-f9ef43490d96",1
"d2099727-a4f7-11e6-91a5-1fc490c5cf69",2017-04-05,"7fecf61e-a8e2-11e6-8597-f9ef43490d96",1
"d2099728-a4f7-11e6-91a5-1fc490c5cf69",2017-02-24,"7fecf61f-a8e2-11e6-8597-f9ef43490d96",0
"d2099729-a4f7-11e6-91a5-1fc490c5cf69",2017-02-08,"7fecf620-a8e2-11e6-8597-f9ef43490d96",1
"d209972a-a4f7-11e6-91a5-1fc490c5cf69",2017-06-01,"7fecf621-a8e2-11e6-8597-f9ef43490d96",0
"d209bdf0-a4f7-11e6-91a5-1fc490c5cf69",2017-04-08,"7fecf622-a8e2-11e6-8597-f9ef43490d96",1
"d209bdf1-a4f7-11e6-91a5-1fc490c5cf69",2017-05-23,"7fecf623-a8e2-11e6-8597-f9ef43490d96",0
"d209bdf2-a4f7-11e6-91a5-1fc490c5cf69",2016-12-04,"7fecf624-a8e2-11e6-8597-f9ef43490d96",0
"d209bdf3-a4f7-11e6-91a5-1fc490c5cf69",2017-06-16,"7fecf625-a8e2-11e6-8597-f9ef43490d96",0
"d209bdf4-a4f7-11e6-91a5-1fc490c5cf69",2017-09-20,"7fecf626-a8e2-11e6-8597-f9ef43490d96",1
"d209bdf5-a4f7-11e6-91a5-1fc490c5cf69",2017-08-03,"7fecf627-a8e2-11e6-8597-f9ef43490d96",0
"d209bdf6-a4f7-11e6-91a5-1fc490c5cf69",2017-12-24,"7fed1d20-a8e2-11e6-8597-f9ef43490d96",1
"d209bdf7-a4f7-11e6-91a5-1fc490c5cf69",2017-07-17,"7fed1d21-a8e2-11e6-8597-f9ef43490d96",0
"d209bdf8-a4f7-11e6-91a5-1fc490c5cf69",2017-01-12,"7fed1d22-a8e2-11e6-8597-f9ef43490d96",1
"d209bdf9-a4f7-11e6-91a5-1fc490c5cf69",2017-01-20,"7fed1d23-a8e2-11e6-8597-f9ef43490d96",1
"d209bdfa-a4f7-11e6-91a5-1fc490c5cf69",2016-11-24,"7fed1d24-a8e2-11e6-8597-f9ef43490d96",0
"d209bdfb-a4f7-11e6-91a5-1fc490c5cf69",2017-04-18,"7fed1d25-a8e2-11e6-8597-f9ef43490d96",1
"d209bdfc-a4f7-11e6-91a5-1fc490c5cf69",2017-06-04,"7fed1d26-a8e2-11e6-8597-f9ef43490d96",1
"d209bdfd-a4f7-11e6-91a5-1fc490c5cf69",2017-06-07,"7fed1d27-a8e2-11e6-8597-f9ef43490d96",0
"d209bdfe-a4f7-11e6-91a5-1fc490c5cf69",2017-05-30,"7fed1d28-a8e2-11e6-8597-f9ef43490d96",0
"d209bdff-a4f7-11e6-91a5-1fc490c5cf69",2017-09-11,"7fed1d29-a8e2-11e6-8597-f9ef43490d96",0
"d209be00-a4f7-11e6-91a5-1fc490c5cf69",2017-07-22,"7fed1d2a-a8e2-11e6-8597-f9ef43490d96",0
"d209be01-a4f7-11e6-91a5-1fc490c5cf69",2017-01-27,"7fed1d2b-a8e2-11e6-8597-f9ef43490d96",1
"d209be02-a4f7-11e6-91a5-1fc490c5cf69",2017-02-07,"7fed1d2c-a8e2-11e6-8597-f9ef43490d96",1
"d209be03-a4f7-11e6-91a5-1fc490c5cf69",2017-09-20,"7fed1d2d-a8e2-11e6-8597-f9ef43490d96",1
"d209be04-a4f7-11e6-91a5-1fc490c5cf69",2017-05-21,"7fed1d2e-a8e2-11e6-8597-f9ef43490d96",0
"d209be05-a4f7-11e6-91a5-1fc490c5cf69",2017-11-04,"7fed1d2f-a8e2-11e6-8597-f9ef43490d96",1
"d209be06-a4f7-11e6-91a5-1fc490c5cf69",2017-07-29,"7fed1d30-a8e2-11e6-8597-f9ef43490d96",0
"d209be07-a4f7-11e6-91a5-1fc490c5cf69",2017-05-19,"7fed1d31-a8e2-11e6-8597-f9ef43490d96",0
"d209be08-a4f7-11e6-91a5-1fc490c5cf69",2017-12-03,"7fed1d32-a8e2-11e6-8597-f9ef43490d96",0
"d209be09-a4f7-11e6-91a5-1fc490c5cf69",2017-01-27,"7fed1d33-a8e2-11e6-8597-f9ef43490d96",0
"d209be0a-a4f7-11e6-91a5-1fc490c5cf69",2017-07-18,"7fed1d34-a8e2-11e6-8597-f9ef43490d96",0
"d209be0b-a4f7-11e6-91a5-1fc490c5cf69",2016-12-27,"7fed1d35-a8e2-11e6-8597-f9ef43490d96",1
"d209be0c-a4f7-11e6-91a5-1fc490c5cf69",2017-09-07,"7fed1d36-a8e2-11e6-8597-f9ef43490d96",1
"d209be0d-a4f7-11e6-91a5-1fc490c5cf69",2016-12-10,"7fed1d37-a8e2-11e6-8597-f9ef43490d96",1
"d209be0e-a4f7-11e6-91a5-1fc490c5cf69",2017-05-24,"7fed1d38-a8e2-11e6-8597-f9ef43490d96",0
"d209be0f-a4f7-11e6-91a5-1fc490c5cf69",2017-04-22,"7fed4430-a8e2-11e6-8597-f9ef43490d96",1
"d209be10-a4f7-11e6-91a5-1fc490c5cf69",2017-08-11,"7fed4431-a8e2-11e6-8597-f9ef43490d96",0
"d209be11-a4f7-11e6-91a5-1fc490c5cf69",2017-03-21,"7fed4432-a8e2-11e6-8597-f9ef43490d96",1
"d209be12-a4f7-11e6-91a5-1fc490c5cf69",2017-01-05,"7fed4433-a8e2-11e6-8597-f9ef43490d96",1
"d209be13-a4f7-11e6-91a5-1fc490c5cf69",2017-03-26,"7fed4434-a8e2-11e6-8597-f9ef43490d96",1
"d209be14-a4f7-11e6-91a5-1fc490c5cf69",2017-07-23,"7fed4435-a8e2-11e6-8597-f9ef43490d96",0
"d209be15-a4f7-11e6-91a5-1fc490c5cf69",2017-12-12,"7fed4436-a8e2-11e6-8597-f9ef43490d96",1
"d209be16-a4f7-11e6-91a5-1fc490c5cf69",2017-08-28,"7fed4437-a8e2-11e6-8597-f9ef43490d96",1
"d209be17-a4f7-11e6-91a5-1fc490c5cf69",2017-06-15,"7fed4438-a8e2-11e6-8597-f9ef43490d96",1
"d209be18-a4f7-11e6-91a5-1fc490c5cf69",2017-01-18,"7fed4439-a8e2-11e6-8597-f9ef43490d96",0
"d209be19-a4f7-11e6-91a5-1fc490c5cf69",2017-11-01,"7fed443a-a8e2-11e6-8597-f9ef43490d96",1
"d209be1a-a4f7-11e6-91a5-1fc490c5cf69",2017-12-22,"7fed443b-a8e2-11e6-8597-f9ef43490d96",0
"d209be1b-a4f7-11e6-91a5-1fc490c5cf69",2017-05-30,"7fed443c-a8e2-11e6-8597-f9ef43490d96",0
"d209be1c-a4f7-11e6-91a5-1fc490c5cf69",2017-11-26,"7fed443d-a8e2-11e6-8597-f9ef43490d96",1
"d209be1d-a4f7-11e6-91a5-1fc490c5cf69",2017-12-23,"7fed443e-a8e2-11e6-8597-f9ef43490d96",0
"d209be1e-a4f7-11e6-91a5-1fc490c5cf69",2017-12-24,"7fed443f-a8e2-11e6-8597-f9ef43490d96",1
"d209be1f-a4f7-11e6-91a5-1fc490c5cf69",2017-07-15,"7fed4440-a8e2-11e6-8597-f9ef43490d96",1
"d209be20-a4f7-11e6-91a5-1fc490c5cf69",2017-05-20,"7fed4441-a8e2-11e6-8597-f9ef43490d96",0
"d209be21-a4f7-11e6-91a5-1fc490c5cf69",2017-12-17,"7fed4442-a8e2-11e6-8597-f9ef43490d96",0
"d209be22-a4f7-11e6-91a5-1fc490c5cf69",2017-03-25,"7fed4443-a8e2-11e6-8597-f9ef43490d96",1
"d209be23-a4f7-11e6-91a5-1fc490c5cf69",2017-04-05,"7fed4444-a8e2-11e6-8597-f9ef43490d96",0
"d209be24-a4f7-11e6-91a5-1fc490c5cf69",2017-07-02,"7fed4445-a8e2-11e6-8597-f9ef43490d96",1
"d209be25-a4f7-11e6-91a5-1fc490c5cf69",2017-02-10,"7fed4446-a8e2-11e6-8597-f9ef43490d96",0
"d209be26-a4f7-11e6-91a5-1fc490c5cf69",2017-09-17,"7fed4447-a8e2-11e6-8597-f9ef43490d96",1
"d209be27-a4f7-11e6-91a5-1fc490c5cf69",2016-12-15,"7fed6b40-a8e2-11e6-8597-f9ef43490d96",0
"d209be28-a4f7-11e6-91a5-1fc490c5cf69",2017-12-13,"7fed6b41-a8e2-11e6-8597-f9ef43490d96",1
"d209be29-a4f7-11e6-91a5-1fc490c5cf69",2017-09-25,"7fed6b42-a8e2-11e6-8597-f9ef43490d96",0
"d209be2a-a4f7-11e6-91a5-1fc490c5cf69",2017-01-12,"7fed6b43-a8e2-11e6-8597-f9ef43490d96",1
"d209be2b-a4f7-11e6-91a5-1fc490c5cf69",2016-12-15,"7fed6b44-a8e2-11e6-8597-f9ef43490d96",0
"d209be2c-a4f7-11e6-91a5-1fc490c5cf69",2017-07-02,"7fed6b45-a8e2-11e6-8597-f9ef43490d96",1
"d209be2d-a4f7-11e6-91a5-1fc490c5cf69",2016-11-12,"7fed6b46-a8e2-11e6-8597-f9ef43490d96",1
"d209be2e-a4f7-11e6-91a5-1fc490c5cf69",2017-06-13,"7fed6b47-a8e2-11e6-8597-f9ef43490d96",0
"d209be2f-a4f7-11e6-91a5-1fc490c5cf69",2017-05-01,"7fed6b48-a8e2-11e6-8597-f9ef43490d96",1
"d209be30-a4f7-11e6-91a5-1fc490c5cf69",2017-03-03,"7fed6b49-a8e2-11e6-8597-f9ef43490d96",0
"d209be31-a4f7-11e6-91a5-1fc490c5cf69",2017-03-19,"7fed6b4a-a8e2-11e6-8597-f9ef43490d96",1
"d209be32-a4f7-11e6-91a5-1fc490c5cf69",2017-10-31,"7fed6b4b-a8e2-11e6-8597-f9ef43490d96",1
"d209be33-a4f7-11e6-91a5-1fc490c5cf69",2017-03-28,"7fed6b4c-a8e2-11e6-8597-f9ef43490d96",1
"d209be34-a4f7-11e6-91a5-1fc490c5cf69",2017-06-18,"7fed6b4d-a8e2-11e6-8597-f9ef43490d96",1
"d209be35-a4f7-11e6-91a5-1fc490c5cf69",2017-07-22,"7fed6b4e-a8e2-11e6-8597-f9ef43490d96",0
"d209be36-a4f7-11e6-91a5-1fc490c5cf69",2017-09-16,"7fed6b4f-a8e2-11e6-8597-f9ef43490d96",1
"d209be37-a4f7-11e6-91a5-1fc490c5cf69",2017-09-14,"7fed6b50-a8e2-11e6-8597-f9ef43490d96",0
"d209be38-a4f7-11e6-91a5-1fc490c5cf69",2017-10-26,"7fed6b51-a8e2-11e6-8597-f9ef43490d96",1
"d209be39-a4f7-11e6-91a5-1fc490c5cf69",2017-10-19,"7fed6b52-a8e2-11e6-8597-f9ef43490d96",0
"d209be3a-a4f7-11e6-91a5-1fc490c5cf69",2017-02-17,"7fed6b53-a8e2-11e6-8597-f9ef43490d96",1
"d209be3b-a4f7-11e6-91a5-1fc490c5cf69",2017-03-17,"7fed6b54-a8e2-11e6-8597-f9ef43490d96",0
"d209be3c-a4f7-11e6-91a5-1fc490c5cf69",2017-07-25,"7fed6b55-a8e2-11e6-8597-f9ef43490d96",1
"d209be3d-a4f7-11e6-91a5-1fc490c5cf69",2017-08-13,"7fed6b56-a8e2-11e6-8597-f9ef43490d96",0
"d209be3e-a4f7-11e6-91a5-1fc490c5cf69",2017-07-27,"7fed6b57-a8e2-11e6-8597-f9ef43490d96",0
"d209be3f-a4f7-11e6-91a5-1fc490c5cf69",2017-11-11,"7fed6b58-a8e2-11e6-8597-f9ef43490d96",0
"d209be40-a4f7-11e6-91a5-1fc490c5cf69",2017-12-24,"7fed6b59-a8e2-11e6-8597-f9ef43490d96",0
"d209be41-a4f7-11e6-91a5-1fc490c5cf69",2017-05-29,"7fed9250-a8e2-11e6-8597-f9ef43490d96",1
"d209be42-a4f7-11e6-91a5-1fc490c5cf69",2017-12-18,"7fed9251-a8e2-11e6-8597-f9ef43490d96",0
"d209be43-a4f7-11e6-91a5-1fc490c5cf69",2017-02-01,"7fed9252-a8e2-11e6-8597-f9ef43490d96",0
"d209be44-a4f7-11e6-91a5-1fc490c5cf69",2017-09-06,"7fed9253-a8e2-11e6-8597-f9ef43490d96",0
"d209be45-a4f7-11e6-91a5-1fc490c5cf69",2017-04-05,"7fed9254-a8e2-11e6-8597-f9ef43490d96",1
"d209be46-a4f7-11e6-91a5-1fc490c5cf69",2017-11-17,"7fed9255-a8e2-11e6-8597-f9ef43490d96",1
"d209be47-a4f7-11e6-91a5-1fc490c5cf69",2017-07-30,"7fed9256-a8e2-11e6-8597-f9ef43490d96",1
"d209be48-a4f7-11e6-91a5-1fc490c5cf69",2017-10-08,"7fed9257-a8e2-11e6-8597-f9ef43490d96",1
"d209be49-a4f7-11e6-91a5-1fc490c5cf69",2017-01-06,"7fed9258-a8e2-11e6-8597-f9ef43490d96",1
"d209be4a-a4f7-11e6-91a5-1fc490c5cf69",2017-05-14,"7fed9259-a8e2-11e6-8597-f9ef43490d96",1
"d209be4b-a4f7-11e6-91a5-1fc490c5cf69",2017-01-23,"7fed925a-a8e2-11e6-8597-f9ef43490d96",1
"d209be4c-a4f7-11e6-91a5-1fc490c5cf69",2017-10-17,"7fed925b-a8e2-11e6-8597-f9ef43490d96",1
"d209be4d-a4f7-11e6-91a5-1fc490c5cf69",2017-10-08,"7fed925c-a8e2-11e6-8597-f9ef43490d96",1
"d209e500-a4f7-11e6-91a5-1fc490c5cf69",2017-02-08,"7fed925d-a8e2-11e6-8597-f9ef43490d96",1
"d209e501-a4f7-11e6-91a5-1fc490c5cf69",2017-09-11,"7fed925e-a8e2-11e6-8597-f9ef43490d96",0
"d209e502-a4f7-11e6-91a5-1fc490c5cf69",2017-06-12,"7fed925f-a8e2-11e6-8597-f9ef43490d96",0
"d209e503-a4f7-11e6-91a5-1fc490c5cf69",2017-06-05,"7fed9260-a8e2-11e6-8597-f9ef43490d96",1
"d209e504-a4f7-11e6-91a5-1fc490c5cf69",2016-12-01,"7fed9261-a8e2-11e6-8597-f9ef43490d96",1
"d209e505-a4f7-11e6-91a5-1fc490c5cf69",2017-09-12,"7fed9262-a8e2-11e6-8597-f9ef43490d96",0
"d209e506-a4f7-11e6-91a5-1fc490c5cf69",2017-06-29,"7fed9263-a8e2-11e6-8597-f9ef43490d96",1
"d209e507-a4f7-11e6-91a5-1fc490c5cf69",2017-03-22,"7fed9264-a8e2-11e6-8597-f9ef43490d96",1
"d209e508-a4f7-11e6-91a5-1fc490c5cf69",2017-07-27,"7fed9265-a8e2-11e6-8597-f9ef43490d96",0
"d209e509-a4f7-11e6-91a5-1fc490c5cf69",2017-10-23,"7fed9266-a8e2-11e6-8597-f9ef43490d96",0
"d209e50a-a4f7-11e6-91a5-1fc490c5cf69",2017-08-15,"7fed9267-a8e2-11e6-8597-f9ef43490d96",1
"d209e50b-a4f7-11e6-91a5-1fc490c5cf69",2016-12-30,"7fed9268-a8e2-11e6-8597-f9ef43490d96",1
"d209e50c-a4f7-11e6-91a5-1fc490c5cf69",2017-01-10,"7fedb960-a8e2-11e6-8597-f9ef43490d96",0
"d209e50d-a4f7-11e6-91a5-1fc490c5cf69",2016-11-19,"7fedb961-a8e2-11e6-8597-f9ef43490d96",1
"d209e50e-a4f7-11e6-91a5-1fc490c5cf69",2016-11-09,"7fedb962-a8e2-11e6-8597-f9ef43490d96",0
"d209e50f-a4f7-11e6-91a5-1fc490c5cf69",2017-09-30,"7fedb963-a8e2-11e6-8597-f9ef43490d96",1
"d209e510-a4f7-11e6-91a5-1fc490c5cf69",2017-11-01,"7fedb964-a8e2-11e6-8597-f9ef43490d96",0
"d209e511-a4f7-11e6-91a5-1fc490c5cf69",2017-07-15,"7fedb965-a8e2-11e6-8597-f9ef43490d96",1
"d209e512-a4f7-11e6-91a5-1fc490c5cf69",2017-09-23,"7fedb966-a8e2-11e6-8597-f9ef43490d96",0
"d209e513-a4f7-11e6-91a5-1fc490c5cf69",2016-12-27,"7fedb967-a8e2-11e6-8597-f9ef43490d96",0
"d209e514-a4f7-11e6-91a5-1fc490c5cf69",2017-04-17,"7fedb968-a8e2-11e6-8597-f9ef43490d96",1
"d209e515-a4f7-11e6-91a5-1fc490c5cf69",2017-12-15,"7fedb969-a8e2-11e6-8597-f9ef43490d96",1
"d209e516-a4f7-11e6-91a5-1fc490c5cf69",2016-11-23,"7fedb96a-a8e2-11e6-8597-f9ef43490d96",0
"d209e517-a4f7-11e6-91a5-1fc490c5cf69",2017-04-10,"7fedb96b-a8e2-11e6-8597-f9ef43490d96",0
"d209e518-a4f7-11e6-91a5-1fc490c5cf69",2017-10-01,"7fedb96c-a8e2-11e6-8597-f9ef43490d96",0
"d209e519-a4f7-11e6-91a5-1fc490c5cf69",2017-05-11,"7fedb96d-a8e2-11e6-8597-f9ef43490d96",0
"d209e51a-a4f7-11e6-91a5-1fc490c5cf69",2017-06-04,"7fedb96e-a8e2-11e6-8597-f9ef43490d96",0
"d209e51b-a4f7-11e6-91a5-1fc490c5cf69",2017-08-29,"7fedb96f-a8e2-11e6-8597-f9ef43490d96",0
"d209e51c-a4f7-11e6-91a5-1fc490c5cf69",2016-12-04,"7fedb970-a8e2-11e6-8597-f9ef43490d96",1
"d209e51d-a4f7-11e6-91a5-1fc490c5cf69",2017-02-18,"7fedb971-a8e2-11e6-8597-f9ef43490d96",0
"d209e51e-a4f7-11e6-91a5-1fc490c5cf69",2016-12-02,"7fedb972-a8e2-11e6-8597-f9ef43490d96",0
"d209e51f-a4f7-11e6-91a5-1fc490c5cf69",2016-12-13,"7fedb973-a8e2-11e6-8597-f9ef43490d96",1
"d209e520-a4f7-11e6-91a5-1fc490c5cf69",2017-05-11,"7fedb974-a8e2-11e6-8597-f9ef43490d96",0
"d209e521-a4f7-11e6-91a5-1fc490c5cf69",2017-01-30,"7fedb975-a8e2-11e6-8597-f9ef43490d96",0
"d209e522-a4f7-11e6-91a5-1fc490c5cf69",2016-11-16,"7fedb976-a8e2-11e6-8597-f9ef43490d96",0
"d209e523-a4f7-11e6-91a5-1fc490c5cf69",2017-05-04,"7fedb977-a8e2-11e6-8597-f9ef43490d96",1
"d209e524-a4f7-11e6-91a5-1fc490c5cf69",2017-08-16,"7fedb978-a8e2-11e6-8597-f9ef43490d96",1
"d209e525-a4f7-11e6-91a5-1fc490c5cf69",2016-12-08,"7fedb979-a8e2-11e6-8597-f9ef43490d96",1
"d209e526-a4f7-11e6-91a5-1fc490c5cf69",2016-12-05,"7fedb97a-a8e2-11e6-8597-f9ef43490d96",1
"d209e527-a4f7-11e6-91a5-1fc490c5cf69",2017-02-28,"7fedb97b-a8e2-11e6-8597-f9ef43490d96",0
"d209e528-a4f7-11e6-91a5-1fc490c5cf69",2017-10-25,"7fedb97c-a8e2-11e6-8597-f9ef43490d96",0
"d209e529-a4f7-11e6-91a5-1fc490c5cf69",2017-09-27,"7fedb97d-a8e2-11e6-8597-f9ef43490d96",1
"d209e52a-a4f7-11e6-91a5-1fc490c5cf69",2017-02-10,"7fedb97e-a8e2-11e6-8597-f9ef43490d96",0
"d209e52b-a4f7-11e6-91a5-1fc490c5cf69",2017-06-30,"7fedb97f-a8e2-11e6-8597-f9ef43490d96",0
"d209e52c-a4f7-11e6-91a5-1fc490c5cf69",2017-04-17,"7fedb980-a8e2-11e6-8597-f9ef43490d96",0
"d209e52d-a4f7-11e6-91a5-1fc490c5cf69",2017-09-09,"7fedb981-a8e2-11e6-8597-f9ef43490d96",1
"d209e52e-a4f7-11e6-91a5-1fc490c5cf69",2017-05-18,"7fede070-a8e2-11e6-8597-f9ef43490d96",0
"d209e52f-a4f7-11e6-91a5-1fc490c5cf69",2017-09-20,"7fede071-a8e2-11e6-8597-f9ef43490d96",0
"d209e530-a4f7-11e6-91a5-1fc490c5cf69",2016-12-31,"7fede072-a8e2-11e6-8597-f9ef43490d96",0
"d209e531-a4f7-11e6-91a5-1fc490c5cf69",2017-01-09,"7fede073-a8e2-11e6-8597-f9ef43490d96",1
"d209e532-a4f7-11e6-91a5-1fc490c5cf69",2017-08-14,"7fede074-a8e2-11e6-8597-f9ef43490d96",0
"d209e533-a4f7-11e6-91a5-1fc490c5cf69",2017-02-21,"7fede075-a8e2-11e6-8597-f9ef43490d96",0
"d209e534-a4f7-11e6-91a5-1fc490c5cf69",2017-04-09,"7fede076-a8e2-11e6-8597-f9ef43490d96",1
"d209e535-a4f7-11e6-91a5-1fc490c5cf69",2017-12-26,"7fede077-a8e2-11e6-8597-f9ef43490d96",0
"d209e536-a4f7-11e6-91a5-1fc490c5cf69",2017-10-26,"7fede078-a8e2-11e6-8597-f9ef43490d96",1
"d209e537-a4f7-11e6-91a5-1fc490c5cf69",2017-09-18,"7fede079-a8e2-11e6-8597-f9ef43490d96",0
"d209e538-a4f7-11e6-91a5-1fc490c5cf69",2017-04-10,"7fede07a-a8e2-11e6-8597-f9ef43490d96",0
"d209e539-a4f7-11e6-91a5-1fc490c5cf69",2017-03-30,"7fede07b-a8e2-11e6-8597-f9ef43490d96",1
"d209e53a-a4f7-11e6-91a5-1fc490c5cf69",2017-07-02,"7fede07c-a8e2-11e6-8597-f9ef43490d96",1
"d209e53b-a4f7-11e6-91a5-1fc490c5cf69",2017-01-27,"7fede07d-a8e2-11e6-8597-f9ef43490d96",0
"d209e53c-a4f7-11e6-91a5-1fc490c5cf69",2017-06-22,"7fede07e-a8e2-11e6-8597-f9ef43490d96",1
"d209e53d-a4f7-11e6-91a5-1fc490c5cf69",2016-12-05,"7fede07f-a8e2-11e6-8597-f9ef43490d96",1
"d209e53e-a4f7-11e6-91a5-1fc490c5cf69",2016-11-08,"7fede080-a8e2-11e6-8597-f9ef43490d96",0
"d209e53f-a4f7-11e6-91a5-1fc490c5cf69",2017-08-05,"7fede081-a8e2-11e6-8597-f9ef43490d96",0
"d209e540-a4f7-11e6-91a5-1fc490c5cf69",2017-08-18,"7fede082-a8e2-11e6-8597-f9ef43490d96",1
"d209e541-a4f7-11e6-91a5-1fc490c5cf69",2017-04-22,"7fede083-a8e2-11e6-8597-f9ef43490d96",0
"d209e542-a4f7-11e6-91a5-1fc490c5cf69",2017-08-22,"7fede084-a8e2-11e6-8597-f9ef43490d96",0
"d209e543-a4f7-11e6-91a5-1fc490c5cf69",2017-12-20,"7fede085-a8e2-11e6-8597-f9ef43490d96",0
"d209e544-a4f7-11e6-91a5-1fc490c5cf69",2017-09-26,"7fede086-a8e2-11e6-8597-f9ef43490d96",1
"d209e545-a4f7-11e6-91a5-1fc490c5cf69",2017-11-19,"7fede087-a8e2-11e6-8597-f9ef43490d96",0
"d209e546-a4f7-11e6-91a5-1fc490c5cf69",2016-12-03,"7fede088-a8e2-11e6-8597-f9ef43490d96",1
"d209e547-a4f7-11e6-91a5-1fc490c5cf69",2017-02-24,"7fede089-a8e2-11e6-8597-f9ef43490d96",0
"d209e548-a4f7-11e6-91a5-1fc490c5cf69",2017-01-10,"7fede08a-a8e2-11e6-8597-f9ef43490d96",0
"d209e549-a4f7-11e6-91a5-1fc490c5cf69",2017-05-23,"7fede08b-a8e2-11e6-8597-f9ef43490d96",1
"d209e54a-a4f7-11e6-91a5-1fc490c5cf69",2017-08-19,"7fede08c-a8e2-11e6-8597-f9ef43490d96",1
"d209e54b-a4f7-11e6-91a5-1fc490c5cf69",2017-01-26,"7fede08d-a8e2-11e6-8597-f9ef43490d96",1
"d209e54c-a4f7-11e6-91a5-1fc490c5cf69",2017-02-14,"7fede08e-a8e2-11e6-8597-f9ef43490d96",0
"d209e54d-a4f7-11e6-91a5-1fc490c5cf69",2017-06-10,"7fede08f-a8e2-11e6-8597-f9ef43490d96",1
"d209e54e-a4f7-11e6-91a5-1fc490c5cf69",2017-02-13,"7fede090-a8e2-11e6-8597-f9ef43490d96",0
"d209e54f-a4f7-11e6-91a5-1fc490c5cf69",2017-03-09,"7fede091-a8e2-11e6-8597-f9ef43490d96",1
"d209e550-a4f7-11e6-91a5-1fc490c5cf69",2017-07-21,"7fede092-a8e2-11e6-8597-f9ef43490d96",0
"d209e551-a4f7-11e6-91a5-1fc490c5cf69",2016-12-21,"7fede093-a8e2-11e6-8597-f9ef43490d96",1
"d209e552-a4f7-11e6-91a5-1fc490c5cf69",2017-09-22,"7fede094-a8e2-11e6-8597-f9ef43490d96",0
"d209e553-a4f7-11e6-91a5-1fc490c5cf69",2017-05-15,"7fee0780-a8e2-11e6-8597-f9ef43490d96",1
"d209e554-a4f7-11e6-91a5-1fc490c5cf69",2017-03-12,"7fee0781-a8e2-11e6-8597-f9ef43490d96",1
"d209e555-a4f7-11e6-91a5-1fc490c5cf69",2017-10-14,"7fee0782-a8e2-11e6-8597-f9ef43490d96",0
"d209e556-a4f7-11e6-91a5-1fc490c5cf69",2017-05-07,"7fee0783-a8e2-11e6-8597-f9ef43490d96",0
"d209e557-a4f7-11e6-91a5-1fc490c5cf69",2017-06-05,"7fee0784-a8e2-11e6-8597-f9ef43490d96",1
"d209e558-a4f7-11e6-91a5-1fc490c5cf69",2017-11-05,"7fee0785-a8e2-11e6-8597-f9ef43490d96",0
"d209e559-a4f7-11e6-91a5-1fc490c5cf69",2017-11-08,"7fee0786-a8e2-11e6-8597-f9ef43490d96",0
"d209e55a-a4f7-11e6-91a5-1fc490c5cf69",2016-12-02,"7fee0787-a8e2-11e6-8597-f9ef43490d96",1
"d209e55b-a4f7-11e6-91a5-1fc490c5cf69",2017-03-10,"7fee0788-a8e2-11e6-8597-f9ef43490d96",0
"d209e55c-a4f7-11e6-91a5-1fc490c5cf69",2017-12-16,"7fee0789-a8e2-11e6-8597-f9ef43490d96",0
"d20a0c10-a4f7-11e6-91a5-1fc490c5cf69",2017-08-24,"7fee078a-a8e2-11e6-8597-f9ef43490d96",0
"d20a0c11-a4f7-11e6-91a5-1fc490c5cf69",2017-03-04,"7fee078b-a8e2-11e6-8597-f9ef43490d96",0
"d20a0c12-a4f7-11e6-91a5-1fc490c5cf69",2016-12-30,"7fee078c-a8e2-11e6-8597-f9ef43490d96",0
"d20a0c13-a4f7-11e6-91a5-1fc490c5cf69",2017-06-12,"7fee078d-a8e2-11e6-8597-f9ef43490d96",1
"d20a0c14-a4f7-11e6-91a5-1fc490c5cf69",2016-12-14,"7fee078e-a8e2-11e6-8597-f9ef43490d96",0
"d20a0c15-a4f7-11e6-91a5-1fc490c5cf69",2016-12-15,"7fee078f-a8e2-11e6-8597-f9ef43490d96",0
"d20a0c16-a4f7-11e6-91a5-1fc490c5cf69",2017-08-06,"7fee2e90-a8e2-11e6-8597-f9ef43490d96",0
"d20a0c17-a4f7-11e6-91a5-1fc490c5cf69",2017-03-22,"7fee2e91-a8e2-11e6-8597-f9ef43490d96",1
"d20a0c18-a4f7-11e6-91a5-1fc490c5cf69",2017-08-25,"7fee2e92-a8e2-11e6-8597-f9ef43490d96",1
"d20a0c19-a4f7-11e6-91a5-1fc490c5cf69",2017-05-10,"7fee2e93-a8e2-11e6-8597-f9ef43490d96",1
"d20a0c1a-a4f7-11e6-91a5-1fc490c5cf69",2017-09-17,"7fee2e94-a8e2-11e6-8597-f9ef43490d96",0
"d20a0c1b-a4f7-11e6-91a5-1fc490c5cf69",2017-10-02,"7fee2e95-a8e2-11e6-8597-f9ef43490d96",1
"d20a0c1c-a4f7-11e6-91a5-1fc490c5cf69",2017-03-20,"7fee2e96-a8e2-11e6-8597-f9ef43490d96",0
"d20a0c1d-a4f7-11e6-91a5-1fc490c5cf69",2017-05-24,"7fee2e97-a8e2-11e6-8597-f9ef43490d96",0
"d20a0c1e-a4f7-11e6-91a5-1fc490c5cf69",2017-05-01,"7fee2e98-a8e2-11e6-8597-f9ef43490d96",0
"d20a0c1f-a4f7-11e6-91a5-1fc490c5cf69",2017-12-10,"7fee2e99-a8e2-11e6-8597-f9ef43490d96",0
"d20a0c20-a4f7-11e6-91a5-1fc490c5cf69",2017-07-06,"7fee2e9a-a8e2-11e6-8597-f9ef43490d96",1
"d20a0c21-a4f7-11e6-91a5-1fc490c5cf69",2017-04-30,"7fee2e9b-a8e2-11e6-8597-f9ef43490d96",0
"d20a0c22-a4f7-11e6-91a5-1fc490c5cf69",2017-06-26,"7fee2e9c-a8e2-11e6-8597-f9ef43490d96",0
"d20a0c23-a4f7-11e6-91a5-1fc490c5cf69",2016-12-14,"7fee2e9d-a8e2-11e6-8597-f9ef43490d96",1
"d20a0c24-a4f7-11e6-91a5-1fc490c5cf69",2017-09-26,"7fee2e9e-a8e2-11e6-8597-f9ef43490d96",0
"d20a0c25-a4f7-11e6-91a5-1fc490c5cf69",2017-06-26,"7fee2e9f-a8e2-11e6-8597-f9ef43490d96",1
"d20a0c26-a4f7-11e6-91a5-1fc490c5cf69",2017-07-22,"7fee2ea0-a8e2-11e6-8597-f9ef43490d96",0
"d20a0c27-a4f7-11e6-91a5-1fc490c5cf69",2017-07-27,"7fee2ea1-a8e2-11e6-8597-f9ef43490d96",0
"d20a0c28-a4f7-11e6-91a5-1fc490c5cf69",2017-07-13,"7fee2ea2-a8e2-11e6-8597-f9ef43490d96",0
"d20a0c29-a4f7-11e6-91a5-1fc490c5cf69",2017-02-19,"7fee2ea3-a8e2-11e6-8597-f9ef43490d96",0
"d20a0c2a-a4f7-11e6-91a5-1fc490c5cf69",2017-07-05,"7fee2ea4-a8e2-11e6-8597-f9ef43490d96",0
"d20a0c2b-a4f7-11e6-91a5-1fc490c5cf69",2016-12-15,"7fee2ea5-a8e2-11e6-8597-f9ef43490d96",1
"d20a0c2c-a4f7-11e6-91a5-1fc490c5cf69",2017-08-22,"7fee2ea6-a8e2-11e6-8597-f9ef43490d96",0
"d20a0c2d-a4f7-11e6-91a5-1fc490c5cf69",2016-12-25,"7fee2ea7-a8e2-11e6-8597-f9ef43490d96",0
"d20a0c2e-a4f7-11e6-91a5-1fc490c5cf69",2017-05-05,"7fee2ea8-a8e2-11e6-8597-f9ef43490d96",0
"d20a0c2f-a4f7-11e6-91a5-1fc490c5cf69",2017-07-19,"7fee2ea9-a8e2-11e6-8597-f9ef43490d96",1
"d20a0c30-a4f7-11e6-91a5-1fc490c5cf69",2017-07-16,"7fee2eaa-a8e2-11e6-8597-f9ef43490d96",0
"d20a0c31-a4f7-11e6-91a5-1fc490c5cf69",2017-01-24,"7fee2eab-a8e2-11e6-8597-f9ef43490d96",1
"d20a0c32-a4f7-11e6-91a5-1fc490c5cf69",2017-01-20,"7fee55a0-a8e2-11e6-8597-f9ef43490d96",1
"d20a0c33-a4f7-11e6-91a5-1fc490c5cf69",2017-12-05,"7fee55a1-a8e2-11e6-8597-f9ef43490d96",0
"d20a0c34-a4f7-11e6-91a5-1fc490c5cf69",2017-01-04,"7fee55a2-a8e2-11e6-8597-f9ef43490d96",1
"d20a0c35-a4f7-11e6-91a5-1fc490c5cf69",2017-09-14,"7fee55a3-a8e2-11e6-8597-f9ef43490d96",1
"d20a3320-a4f7-11e6-91a5-1fc490c5cf69",2017-08-02,"7fee55a4-a8e2-11e6-8597-f9ef43490d96",1
"d20a3321-a4f7-11e6-91a5-1fc490c5cf69",2017-12-06,"7fee55a5-a8e2-11e6-8597-f9ef43490d96",1
"d20a3322-a4f7-11e6-91a5-1fc490c5cf69",2017-05-04,"7fee55a6-a8e2-11e6-8597-f9ef43490d96",0
"d20a3323-a4f7-11e6-91a5-1fc490c5cf69",2017-04-18,"7fee55a7-a8e2-11e6-8597-f9ef43490d96",0
"d20a3324-a4f7-11e6-91a5-1fc490c5cf69",2017-02-15,"7fee55a8-a8e2-11e6-8597-f9ef43490d96",1
"d20a3325-a4f7-11e6-91a5-1fc490c5cf69",2016-12-01,"7fee55a9-a8e2-11e6-8597-f9ef43490d96",1
"d20a3326-a4f7-11e6-91a5-1fc490c5cf69",2017-07-31,"7fee55aa-a8e2-11e6-8597-f9ef43490d96",1
"d20a3327-a4f7-11e6-91a5-1fc490c5cf69",2017-07-20,"7fee55ab-a8e2-11e6-8597-f9ef43490d96",0
"d20a3328-a4f7-11e6-91a5-1fc490c5cf69",2017-03-28,"7fee55ac-a8e2-11e6-8597-f9ef43490d96",0
"d20a3329-a4f7-11e6-91a5-1fc490c5cf69",2016-12-02,"7fee55ad-a8e2-11e6-8597-f9ef43490d96",0
"d20a332a-a4f7-11e6-91a5-1fc490c5cf69",2017-05-29,"7fee55ae-a8e2-11e6-8597-f9ef43490d96",0
"d20a332b-a4f7-11e6-91a5-1fc490c5cf69",2017-07-30,"7fee55af-a8e2-11e6-8597-f9ef43490d96",0
"d20a332c-a4f7-11e6-91a5-1fc490c5cf69",2017-05-16,"7fee55b0-a8e2-11e6-8597-f9ef43490d96",1
"d20a332d-a4f7-11e6-91a5-1fc490c5cf69",2016-11-29,"7fee55b1-a8e2-11e6-8597-f9ef43490d96",0
"d20a332e-a4f7-11e6-91a5-1fc490c5cf69",2016-11-21,"7fee55b2-a8e2-11e6-8597-f9ef43490d96",0
"d20a332f-a4f7-11e6-91a5-1fc490c5cf69",2017-12-27,"7fee55b3-a8e2-11e6-8597-f9ef43490d96",0
"d20a3330-a4f7-11e6-91a5-1fc490c5cf69",2017-03-11,"7fee55b4-a8e2-11e6-8597-f9ef43490d96",0
"d20a3331-a4f7-11e6-91a5-1fc490c5cf69",2017-08-12,"7fee55b5-a8e2-11e6-8597-f9ef43490d96",0
"d20a3332-a4f7-11e6-91a5-1fc490c5cf69",2017-04-06,"7fee55b6-a8e2-11e6-8597-f9ef43490d96",0
"d20a3333-a4f7-11e6-91a5-1fc490c5cf69",2017-11-23,"7fee55b7-a8e2-11e6-8597-f9ef43490d96",1
"d20a3334-a4f7-11e6-91a5-1fc490c5cf69",2017-04-01,"7fee55b8-a8e2-11e6-8597-f9ef43490d96",1
"d20a3335-a4f7-11e6-91a5-1fc490c5cf69",2017-11-21,"7fee55b9-a8e2-11e6-8597-f9ef43490d96",0
"d20a3336-a4f7-11e6-91a5-1fc490c5cf69",2017-07-05,"7fee55ba-a8e2-11e6-8597-f9ef43490d96",0
"d20a3337-a4f7-11e6-91a5-1fc490c5cf69",2017-12-16,"7fee55bb-a8e2-11e6-8597-f9ef43490d96",1
"d20a3338-a4f7-11e6-91a5-1fc490c5cf69",2017-04-09,"7fee55bc-a8e2-11e6-8597-f9ef43490d96",1
"d20a3339-a4f7-11e6-91a5-1fc490c5cf69",2016-11-09,"7fee55bd-a8e2-11e6-8597-f9ef43490d96",1
"d20a333a-a4f7-11e6-91a5-1fc490c5cf69",2017-06-25,"7fee55be-a8e2-11e6-8597-f9ef43490d96",1
"d20a333b-a4f7-11e6-91a5-1fc490c5cf69",2017-01-26,"7fee55bf-a8e2-11e6-8597-f9ef43490d96",0
"d20a333c-a4f7-11e6-91a5-1fc490c5cf69",2017-03-27,"7fee55c0-a8e2-11e6-8597-f9ef43490d96",0
"d20a333d-a4f7-11e6-91a5-1fc490c5cf69",2016-12-16,"7fee55c1-a8e2-11e6-8597-f9ef43490d96",1
"d20a333e-a4f7-11e6-91a5-1fc490c5cf69",2017-12-05,"7fee55c2-a8e2-11e6-8597-f9ef43490d96",1
"d20a333f-a4f7-11e6-91a5-1fc490c5cf69",2017-10-23,"7fee55c3-a8e2-11e6-8597-f9ef43490d96",1
"d20a3340-a4f7-11e6-91a5-1fc490c5cf69",2016-11-22,"7fee55c4-a8e2-11e6-8597-f9ef43490d96",1
"d20a3341-a4f7-11e6-91a5-1fc490c5cf69",2016-11-10,"7fee55c5-a8e2-11e6-8597-f9ef43490d96",0
"d20a3342-a4f7-11e6-91a5-1fc490c5cf69",2017-02-25,"7fee55c6-a8e2-11e6-8597-f9ef43490d96",0
"d20a3343-a4f7-11e6-91a5-1fc490c5cf69",2017-02-05,"7fee55c7-a8e2-11e6-8597-f9ef43490d96",1
"d20a3344-a4f7-11e6-91a5-1fc490c5cf69",2017-02-12,"7fee7cb0-a8e2-11e6-8597-f9ef43490d96",1
"d20a3345-a4f7-11e6-91a5-1fc490c5cf69",2017-05-12,"7fee7cb1-a8e2-11e6-8597-f9ef43490d96",1
"d20a3346-a4f7-11e6-91a5-1fc490c5cf69",2017-09-02,"7fee7cb2-a8e2-11e6-8597-f9ef43490d96",1
"d20a3347-a4f7-11e6-91a5-1fc490c5cf69",2017-11-15,"7fee7cb3-a8e2-11e6-8597-f9ef43490d96",1
"d20a3348-a4f7-11e6-91a5-1fc490c5cf69",2017-05-29,"7fee7cb4-a8e2-11e6-8597-f9ef43490d96",0
"d20a3349-a4f7-11e6-91a5-1fc490c5cf69",2017-07-15,"7fee7cb5-a8e2-11e6-8597-f9ef43490d96",1
"d20a334a-a4f7-11e6-91a5-1fc490c5cf69",2016-12-21,"7fee7cb6-a8e2-11e6-8597-f9ef43490d96",1
"d20a334b-a4f7-11e6-91a5-1fc490c5cf69",2017-03-08,"7fee7cb7-a8e2-11e6-8597-f9ef43490d96",1
"d20a334c-a4f7-11e6-91a5-1fc490c5cf69",2017-05-19,"7fee7cb8-a8e2-11e6-8597-f9ef43490d96",1
"d20a334d-a4f7-11e6-91a5-1fc490c5cf69",2017-01-05,"7fee7cb9-a8e2-11e6-8597-f9ef43490d96",1
"d20a334e-a4f7-11e6-91a5-1fc490c5cf69",2017-11-02,"7fee7cba-a8e2-11e6-8597-f9ef43490d96",1
"d20a334f-a4f7-11e6-91a5-1fc490c5cf69",2017-03-14,"7fee7cbb-a8e2-11e6-8597-f9ef43490d96",1
"d20a3350-a4f7-11e6-91a5-1fc490c5cf69",2017-02-25,"7fee7cbc-a8e2-11e6-8597-f9ef43490d96",1
"d20a3351-a4f7-11e6-91a5-1fc490c5cf69",2017-05-24,"7fee7cbd-a8e2-11e6-8597-f9ef43490d96",0
"d20a3352-a4f7-11e6-91a5-1fc490c5cf69",2017-02-08,"7fee7cbe-a8e2-11e6-8597-f9ef43490d96",1
"d20a3353-a4f7-11e6-91a5-1fc490c5cf69",2017-01-10,"7fee7cbf-a8e2-11e6-8597-f9ef43490d96",0
"d20a3354-a4f7-11e6-91a5-1fc490c5cf69",2017-10-10,"7fee7cc0-a8e2-11e6-8597-f9ef43490d96",1
"d20a3355-a4f7-11e6-91a5-1fc490c5cf69",2016-12-13,"7fee7cc1-a8e2-11e6-8597-f9ef43490d96",1
"d20a3356-a4f7-11e6-91a5-1fc490c5cf69",2016-11-12,"7fee7cc2-a8e2-11e6-8597-f9ef43490d96",1
"d20a3357-a4f7-11e6-91a5-1fc490c5cf69",2017-02-16,"7fee7cc3-a8e2-11e6-8597-f9ef43490d96",0
"d20a3358-a4f7-11e6-91a5-1fc490c5cf69",2017-11-14,"7fee7cc4-a8e2-11e6-8597-f9ef43490d96",0
"d20a3359-a4f7-11e6-91a5-1fc490c5cf69",2017-07-01,"7fee7cc5-a8e2-11e6-8597-f9ef43490d96",0
"d20a335a-a4f7-11e6-91a5-1fc490c5cf69",2017-01-17,"7fee7cc6-a8e2-11e6-8597-f9ef43490d96",0
"d20a335b-a4f7-11e6-91a5-1fc490c5cf69",2017-04-24,"7fee7cc7-a8e2-11e6-8597-f9ef43490d96",1
"d20a335c-a4f7-11e6-91a5-1fc490c5cf69",2017-08-24,"7fee7cc8-a8e2-11e6-8597-f9ef43490d96",1
"d20a335d-a4f7-11e6-91a5-1fc490c5cf69",2017-09-22,"7fee7cc9-a8e2-11e6-8597-f9ef43490d96",0
"d20a335e-a4f7-11e6-91a5-1fc490c5cf69",2017-02-23,"7fee7cca-a8e2-11e6-8597-f9ef43490d96",0
"d20a335f-a4f7-11e6-91a5-1fc490c5cf69",2017-09-22,"7fee7ccb-a8e2-11e6-8597-f9ef43490d96",1
"d20a3360-a4f7-11e6-91a5-1fc490c5cf69",2017-05-05,"7fee7ccc-a8e2-11e6-8597-f9ef43490d96",1
"d20a3361-a4f7-11e6-91a5-1fc490c5cf69",2017-09-05,"7fee7ccd-a8e2-11e6-8597-f9ef43490d96",0
"d20a3362-a4f7-11e6-91a5-1fc490c5cf69",2017-03-29,"7fee7cce-a8e2-11e6-8597-f9ef43490d96",1
"d20a3363-a4f7-11e6-91a5-1fc490c5cf69",2017-06-20,"7fee7ccf-a8e2-11e6-8597-f9ef43490d96",0
"d20a3364-a4f7-11e6-91a5-1fc490c5cf69",2017-12-12,"7fee7cd0-a8e2-11e6-8597-f9ef43490d96",1
"d20a3365-a4f7-11e6-91a5-1fc490c5cf69",2017-09-13,"7fee7cd1-a8e2-11e6-8597-f9ef43490d96",0
"d20a3366-a4f7-11e6-91a5-1fc490c5cf69",2017-07-03,"7fee7cd2-a8e2-11e6-8597-f9ef43490d96",1
"d20a3367-a4f7-11e6-91a5-1fc490c5cf69",2017-06-13,"7fee7cd3-a8e2-11e6-8597-f9ef43490d96",1
"d20a3368-a4f7-11e6-91a5-1fc490c5cf69",2016-12-09,"7fee7cd4-a8e2-11e6-8597-f9ef43490d96",0
"d20a3369-a4f7-11e6-91a5-1fc490c5cf69",2017-06-13,"7fee7cd5-a8e2-11e6-8597-f9ef43490d96",1
"d20a336a-a4f7-11e6-91a5-1fc490c5cf69",2017-12-08,"7fee7cd6-a8e2-11e6-8597-f9ef43490d96",1
"d20a336b-a4f7-11e6-91a5-1fc490c5cf69",2017-05-04,"7feea3c0-a8e2-11e6-8597-f9ef43490d96",1
"d20a336c-a4f7-11e6-91a5-1fc490c5cf69",2016-11-24,"7feea3c1-a8e2-11e6-8597-f9ef43490d96",1
"d20a336d-a4f7-11e6-91a5-1fc490c5cf69",2017-02-07,"7feea3c2-a8e2-11e6-8597-f9ef43490d96",0
"d20a336e-a4f7-11e6-91a5-1fc490c5cf69",2017-11-24,"7feea3c3-a8e2-11e6-8597-f9ef43490d96",1
"d20a336f-a4f7-11e6-91a5-1fc490c5cf69",2017-05-05,"7feea3c4-a8e2-11e6-8597-f9ef43490d96",0
"d20a3370-a4f7-11e6-91a5-1fc490c5cf69",2016-11-07,"7feea3c5-a8e2-11e6-8597-f9ef43490d96",0
"d20a3371-a4f7-11e6-91a5-1fc490c5cf69",2017-03-17,"7feea3c6-a8e2-11e6-8597-f9ef43490d96",0
"d20a3372-a4f7-11e6-91a5-1fc490c5cf69",2017-03-15,"7feea3c7-a8e2-11e6-8597-f9ef43490d96",0
"d20a3373-a4f7-11e6-91a5-1fc490c5cf69",2017-01-16,"7feea3c8-a8e2-11e6-8597-f9ef43490d96",1
"d20a3374-a4f7-11e6-91a5-1fc490c5cf69",2017-07-02,"7feea3c9-a8e2-11e6-8597-f9ef43490d96",0
"d20a3375-a4f7-11e6-91a5-1fc490c5cf69",2017-04-03,"7feea3ca-a8e2-11e6-8597-f9ef43490d96",1
"d20a3376-a4f7-11e6-91a5-1fc490c5cf69",2017-02-27,"7feea3cb-a8e2-11e6-8597-f9ef43490d96",1
"d20a3377-a4f7-11e6-91a5-1fc490c5cf69",2017-07-15,"7feea3cc-a8e2-11e6-8597-f9ef43490d96",1
"d20a3378-a4f7-11e6-91a5-1fc490c5cf69",2017-05-21,"7feea3cd-a8e2-11e6-8597-f9ef43490d96",0
"d20a3379-a4f7-11e6-91a5-1fc490c5cf69",2016-11-14,"7feea3ce-a8e2-11e6-8597-f9ef43490d96",1
"d20a337a-a4f7-11e6-91a5-1fc490c5cf69",2017-05-16,"7feea3cf-a8e2-11e6-8597-f9ef43490d96",0
"d20a337b-a4f7-11e6-91a5-1fc490c5cf69",2016-11-16,"7feea3d0-a8e2-11e6-8597-f9ef43490d96",1
"d20a337c-a4f7-11e6-91a5-1fc490c5cf69",2017-04-12,"7feea3d1-a8e2-11e6-8597-f9ef43490d96",0
"d20a337d-a4f7-11e6-91a5-1fc490c5cf69",2017-08-22,"7feea3d2-a8e2-11e6-8597-f9ef43490d96",1
"d20a337e-a4f7-11e6-91a5-1fc490c5cf69",2017-03-13,"7feea3d3-a8e2-11e6-8597-f9ef43490d96",1
"d20a337f-a4f7-11e6-91a5-1fc490c5cf69",2017-05-12,"7feea3d4-a8e2-11e6-8597-f9ef43490d96",1
"d20a5a30-a4f7-11e6-91a5-1fc490c5cf69",2017-06-11,"7feea3d5-a8e2-11e6-8597-f9ef43490d96",0
"d20a5a31-a4f7-11e6-91a5-1fc490c5cf69",2016-12-19,"7feea3d6-a8e2-11e6-8597-f9ef43490d96",1
"d20a5a32-a4f7-11e6-91a5-1fc490c5cf69",2017-08-21,"7feea3d7-a8e2-11e6-8597-f9ef43490d96",1
"d20a5a33-a4f7-11e6-91a5-1fc490c5cf69",2017-09-18,"7feea3d8-a8e2-11e6-8597-f9ef43490d96",0
"d20a5a34-a4f7-11e6-91a5-1fc490c5cf69",2017-06-09,"7feea3d9-a8e2-11e6-8597-f9ef43490d96",1
"d20a5a35-a4f7-11e6-91a5-1fc490c5cf69",2017-11-03,"7feea3da-a8e2-11e6-8597-f9ef43490d96",1
"d20a5a36-a4f7-11e6-91a5-1fc490c5cf69",2016-11-19,"7feea3db-a8e2-11e6-8597-f9ef43490d96",0
"d20a5a37-a4f7-11e6-91a5-1fc490c5cf69",2017-10-01,"7feea3dc-a8e2-11e6-8597-f9ef43490d96",0
"d20a5a38-a4f7-11e6-91a5-1fc490c5cf69",2017-10-29,"7feea3dd-a8e2-11e6-8597-f9ef43490d96",0
"d20a5a39-a4f7-11e6-91a5-1fc490c5cf69",2016-12-18,"7feea3de-a8e2-11e6-8597-f9ef43490d96",1
"d20a5a3a-a4f7-11e6-91a5-1fc490c5cf69",2017-01-20,"7feea3df-a8e2-11e6-8597-f9ef43490d96",1
"d20a5a3b-a4f7-11e6-91a5-1fc490c5cf69",2017-12-14,"7feea3e0-a8e2-11e6-8597-f9ef43490d96",0
"d20a5a3c-a4f7-11e6-91a5-1fc490c5cf69",2016-12-20,"7feea3e1-a8e2-11e6-8597-f9ef43490d96",1
"d20a5a3d-a4f7-11e6-91a5-1fc490c5cf69",2017-10-19,"7feea3e2-a8e2-11e6-8597-f9ef43490d96",1
"d20a5a3e-a4f7-11e6-91a5-1fc490c5cf69",2017-03-09,"7feea3e3-a8e2-11e6-8597-f9ef43490d96",1
"d20a5a3f-a4f7-11e6-91a5-1fc490c5cf69",2016-12-08,"7feea3e4-a8e2-11e6-8597-f9ef43490d96",0
"d20a5a40-a4f7-11e6-91a5-1fc490c5cf69",2017-08-08,"7feea3e5-a8e2-11e6-8597-f9ef43490d96",0
"d20a5a41-a4f7-11e6-91a5-1fc490c5cf69",2017-04-18,"7feecad0-a8e2-11e6-8597-f9ef43490d96",1
"d20a5a42-a4f7-11e6-91a5-1fc490c5cf69",2017-09-21,"7feecad1-a8e2-11e6-8597-f9ef43490d96",0
"d20a5a43-a4f7-11e6-91a5-1fc490c5cf69",2016-11-25,"7feecad2-a8e2-11e6-8597-f9ef43490d96",0
"d20a5a44-a4f7-11e6-91a5-1fc490c5cf69",2017-06-18,"7feecad3-a8e2-11e6-8597-f9ef43490d96",0
"d20a5a45-a4f7-11e6-91a5-1fc490c5cf69",2016-11-18,"7feecad4-a8e2-11e6-8597-f9ef43490d96",1
"d20a5a46-a4f7-11e6-91a5-1fc490c5cf69",2017-05-28,"7feecad5-a8e2-11e6-8597-f9ef43490d96",0
"d20a5a47-a4f7-11e6-91a5-1fc490c5cf69",2017-10-26,"7feecad6-a8e2-11e6-8597-f9ef43490d96",1
"d20a5a48-a4f7-11e6-91a5-1fc490c5cf69",2017-09-09,"7feecad7-a8e2-11e6-8597-f9ef43490d96",1
"d20a5a49-a4f7-11e6-91a5-1fc490c5cf69",2017-08-13,"7feecad8-a8e2-11e6-8597-f9ef43490d96",1
"d20a5a4a-a4f7-11e6-91a5-1fc490c5cf69",2017-05-25,"7feecad9-a8e2-11e6-8597-f9ef43490d96",0
"d20a5a4b-a4f7-11e6-91a5-1fc490c5cf69",2017-10-16,"7feecada-a8e2-11e6-8597-f9ef43490d96",1
"d20a5a4c-a4f7-11e6-91a5-1fc490c5cf69",2017-02-11,"7feecadb-a8e2-11e6-8597-f9ef43490d96",0
"d20a5a4d-a4f7-11e6-91a5-1fc490c5cf69",2017-09-07,"7feecadc-a8e2-11e6-8597-f9ef43490d96",0
"d20a5a4e-a4f7-11e6-91a5-1fc490c5cf69",2017-08-31,"7feecadd-a8e2-11e6-8597-f9ef43490d96",1
"d20a5a4f-a4f7-11e6-91a5-1fc490c5cf69",2016-12-25,"7feecade-a8e2-11e6-8597-f9ef43490d96",1
"d20a5a50-a4f7-11e6-91a5-1fc490c5cf69",2017-09-22,"7feecadf-a8e2-11e6-8597-f9ef43490d96",0
"d20a5a51-a4f7-11e6-91a5-1fc490c5cf69",2017-02-09,"7feecae0-a8e2-11e6-8597-f9ef43490d96",1
"d20a5a52-a4f7-11e6-91a5-1fc490c5cf69",2017-06-05,"7feecae1-a8e2-11e6-8597-f9ef43490d96",0
"d20a5a53-a4f7-11e6-91a5-1fc490c5cf69",2017-08-29,"7feecae2-a8e2-11e6-8597-f9ef43490d96",0
"d20a5a54-a4f7-11e6-91a5-1fc490c5cf69",2017-12-02,"7feecae3-a8e2-11e6-8597-f9ef43490d96",1
"d20a5a55-a4f7-11e6-91a5-1fc490c5cf69",2017-02-24,"7feecae4-a8e2-11e6-8597-f9ef43490d96",0
"d20a5a56-a4f7-11e6-91a5-1fc490c5cf69",2017-07-12,"7feecae5-a8e2-11e6-8597-f9ef43490d96",1
"d20a5a57-a4f7-11e6-91a5-1fc490c5cf69",2017-02-21,"7feecae6-a8e2-11e6-8597-f9ef43490d96",0
"d20a5a58-a4f7-11e6-91a5-1fc490c5cf69",2017-07-08,"7feecae7-a8e2-11e6-8597-f9ef43490d96",0
"d20a5a59-a4f7-11e6-91a5-1fc490c5cf69",2017-06-14,"7feecae8-a8e2-11e6-8597-f9ef43490d96",1
"d20a5a5a-a4f7-11e6-91a5-1fc490c5cf69",2017-03-16,"7feecae9-a8e2-11e6-8597-f9ef43490d96",0
"d20a5a5b-a4f7-11e6-91a5-1fc490c5cf69",2017-03-05,"7feecaea-a8e2-11e6-8597-f9ef43490d96",1
"d20a5a5c-a4f7-11e6-91a5-1fc490c5cf69",2017-01-27,"7feecaeb-a8e2-11e6-8597-f9ef43490d96",1
"d20a5a5d-a4f7-11e6-91a5-1fc490c5cf69",2017-05-21,"7feecaec-a8e2-11e6-8597-f9ef43490d96",0
"d20a5a5e-a4f7-11e6-91a5-1fc490c5cf69",2017-02-11,"7feecaed-a8e2-11e6-8597-f9ef43490d96",1
"d20a5a5f-a4f7-11e6-91a5-1fc490c5cf69",2017-05-30,"7feecaee-a8e2-11e6-8597-f9ef43490d96",0
"d20a5a60-a4f7-11e6-91a5-1fc490c5cf69",2017-02-03,"7feecaef-a8e2-11e6-8597-f9ef43490d96",0
"d20a5a61-a4f7-11e6-91a5-1fc490c5cf69",2017-12-06,"7feecaf0-a8e2-11e6-8597-f9ef43490d96",0
"d20a5a62-a4f7-11e6-91a5-1fc490c5cf69",2017-06-23,"7feecaf1-a8e2-11e6-8597-f9ef43490d96",0
"d20a5a63-a4f7-11e6-91a5-1fc490c5cf69",2017-05-23,"7feecaf2-a8e2-11e6-8597-f9ef43490d96",1
"d20a5a64-a4f7-11e6-91a5-1fc490c5cf69",2017-09-02,"7feef1e0-a8e2-11e6-8597-f9ef43490d96",0
"d20a5a65-a4f7-11e6-91a5-1fc490c5cf69",2017-01-28,"7feef1e1-a8e2-11e6-8597-f9ef43490d96",1
"d20a5a66-a4f7-11e6-91a5-1fc490c5cf69",2017-05-15,"7feef1e2-a8e2-11e6-8597-f9ef43490d96",0
"d20a5a67-a4f7-11e6-91a5-1fc490c5cf69",2017-10-03,"7feef1e3-a8e2-11e6-8597-f9ef43490d96",1
"d20a5a68-a4f7-11e6-91a5-1fc490c5cf69",2016-11-25,"7feef1e4-a8e2-11e6-8597-f9ef43490d96",0
"d20a5a69-a4f7-11e6-91a5-1fc490c5cf69",2016-11-08,"7feef1e5-a8e2-11e6-8597-f9ef43490d96",1
"d20a5a6a-a4f7-11e6-91a5-1fc490c5cf69",2017-05-13,"7feef1e6-a8e2-11e6-8597-f9ef43490d96",0
"d20a5a6b-a4f7-11e6-91a5-1fc490c5cf69",2017-08-19,"7feef1e7-a8e2-11e6-8597-f9ef43490d96",0
"d20a5a6c-a4f7-11e6-91a5-1fc490c5cf69",2017-01-28,"7feef1e8-a8e2-11e6-8597-f9ef43490d96",0
"d20a5a6d-a4f7-11e6-91a5-1fc490c5cf69",2017-01-04,"7feef1e9-a8e2-11e6-8597-f9ef43490d96",1
"d20a5a6e-a4f7-11e6-91a5-1fc490c5cf69",2016-11-26,"7feef1ea-a8e2-11e6-8597-f9ef43490d96",1
"d20a5a6f-a4f7-11e6-91a5-1fc490c5cf69",2017-10-21,"7feef1eb-a8e2-11e6-8597-f9ef43490d96",0
"d20a5a70-a4f7-11e6-91a5-1fc490c5cf69",2017-01-12,"7feef1ec-a8e2-11e6-8597-f9ef43490d96",1
"d20a5a71-a4f7-11e6-91a5-1fc490c5cf69",2017-03-24,"7feef1ed-a8e2-11e6-8597-f9ef43490d96",1
"d20a5a72-a4f7-11e6-91a5-1fc490c5cf69",2017-06-29,"7feef1ee-a8e2-11e6-8597-f9ef43490d96",1
"d20a5a73-a4f7-11e6-91a5-1fc490c5cf69",2017-07-11,"7feef1ef-a8e2-11e6-8597-f9ef43490d96",0
"d20a5a74-a4f7-11e6-91a5-1fc490c5cf69",2017-04-18,"7feef1f0-a8e2-11e6-8597-f9ef43490d96",0
"d20a5a75-a4f7-11e6-91a5-1fc490c5cf69",2017-04-20,"7feef1f1-a8e2-11e6-8597-f9ef43490d96",0
"d20a5a76-a4f7-11e6-91a5-1fc490c5cf69",2016-12-28,"7feef1f2-a8e2-11e6-8597-f9ef43490d96",1
"d20a5a77-a4f7-11e6-91a5-1fc490c5cf69",2017-12-02,"7feef1f3-a8e2-11e6-8597-f9ef43490d96",1
"d20a5a78-a4f7-11e6-91a5-1fc490c5cf69",2017-09-02,"7feef1f4-a8e2-11e6-8597-f9ef43490d96",1
"d20a5a79-a4f7-11e6-91a5-1fc490c5cf69",2017-07-20,"7feef1f5-a8e2-11e6-8597-f9ef43490d96",0
"d20a5a7a-a4f7-11e6-91a5-1fc490c5cf69",2017-11-17,"7feef1f6-a8e2-11e6-8597-f9ef43490d96",1
"d20a5a7b-a4f7-11e6-91a5-1fc490c5cf69",2016-11-09,"7feef1f7-a8e2-11e6-8597-f9ef43490d96",1
"d20a5a7c-a4f7-11e6-91a5-1fc490c5cf69",2017-02-21,"7feef1f8-a8e2-11e6-8597-f9ef43490d96",1
"d20a5a7d-a4f7-11e6-91a5-1fc490c5cf69",2016-11-30,"7feef1f9-a8e2-11e6-8597-f9ef43490d96",1
"d20a5a7e-a4f7-11e6-91a5-1fc490c5cf69",2017-08-29,"7feef1fa-a8e2-11e6-8597-f9ef43490d96",0
"d20a5a7f-a4f7-11e6-91a5-1fc490c5cf69",2017-07-21,"7feef1fb-a8e2-11e6-8597-f9ef43490d96",0
"d20a5a80-a4f7-11e6-91a5-1fc490c5cf69",2017-12-30,"7feef1fc-a8e2-11e6-8597-f9ef43490d96",1
"d20a5a81-a4f7-11e6-91a5-1fc490c5cf69",2017-02-12,"7feef1fd-a8e2-11e6-8597-f9ef43490d96",0
"d20a5a82-a4f7-11e6-91a5-1fc490c5cf69",2017-12-18,"7feef1fe-a8e2-11e6-8597-f9ef43490d96",1
"d20a5a83-a4f7-11e6-91a5-1fc490c5cf69",2017-12-30,"7feef1ff-a8e2-11e6-8597-f9ef43490d96",1
"d20a5a84-a4f7-11e6-91a5-1fc490c5cf69",2017-09-10,"7feef200-a8e2-11e6-8597-f9ef43490d96",1
"d20a5a85-a4f7-11e6-91a5-1fc490c5cf69",2017-09-26,"7feef201-a8e2-11e6-8597-f9ef43490d96",1
"d20a5a86-a4f7-11e6-91a5-1fc490c5cf69",2017-05-04,"7feef202-a8e2-11e6-8597-f9ef43490d96",1
"d20a5a87-a4f7-11e6-91a5-1fc490c5cf69",2017-08-18,"7feef203-a8e2-11e6-8597-f9ef43490d96",1
"d20a5a88-a4f7-11e6-91a5-1fc490c5cf69",2017-07-02,"7feef204-a8e2-11e6-8597-f9ef43490d96",0
"d20a5a89-a4f7-11e6-91a5-1fc490c5cf69",2017-01-02,"7feef205-a8e2-11e6-8597-f9ef43490d96",1
"d20a5a8a-a4f7-11e6-91a5-1fc490c5cf69",2017-06-22,"7feef206-a8e2-11e6-8597-f9ef43490d96",0
"d20a5a8b-a4f7-11e6-91a5-1fc490c5cf69",2017-12-02,"7feef207-a8e2-11e6-8597-f9ef43490d96",1
"d20a5a8c-a4f7-11e6-91a5-1fc490c5cf69",2017-12-14,"7feef208-a8e2-11e6-8597-f9ef43490d96",1
"d20a5a8d-a4f7-11e6-91a5-1fc490c5cf69",2017-09-16,"7feef209-a8e2-11e6-8597-f9ef43490d96",1
"d20a5a8e-a4f7-11e6-91a5-1fc490c5cf69",2017-05-23,"7feef20a-a8e2-11e6-8597-f9ef43490d96",1
"d20a5a8f-a4f7-11e6-91a5-1fc490c5cf69",2017-10-03,"7feef20b-a8e2-11e6-8597-f9ef43490d96",0
"d20a5a90-a4f7-11e6-91a5-1fc490c5cf69",2017-12-25,"7feef20c-a8e2-11e6-8597-f9ef43490d96",1
"d20a5a91-a4f7-11e6-91a5-1fc490c5cf69",2017-07-17,"7fef18f0-a8e2-11e6-8597-f9ef43490d96",0
"d20a5a92-a4f7-11e6-91a5-1fc490c5cf69",2017-07-20,"7fef18f1-a8e2-11e6-8597-f9ef43490d96",1
"d20a5a93-a4f7-11e6-91a5-1fc490c5cf69",2017-01-10,"7fef18f2-a8e2-11e6-8597-f9ef43490d96",0
"d20a5a94-a4f7-11e6-91a5-1fc490c5cf69",2017-02-23,"7fef18f3-a8e2-11e6-8597-f9ef43490d96",0
"d20a5a95-a4f7-11e6-91a5-1fc490c5cf69",2017-12-03,"7fef18f4-a8e2-11e6-8597-f9ef43490d96",1
"d20a5a96-a4f7-11e6-91a5-1fc490c5cf69",2017-02-25,"7fef18f5-a8e2-11e6-8597-f9ef43490d96",0
"d20a5a97-a4f7-11e6-91a5-1fc490c5cf69",2016-11-19,"7fef18f6-a8e2-11e6-8597-f9ef43490d96",1
"d20a5a98-a4f7-11e6-91a5-1fc490c5cf69",2017-08-13,"7fef18f7-a8e2-11e6-8597-f9ef43490d96",1
"d20a5a99-a4f7-11e6-91a5-1fc490c5cf69",2017-05-26,"7fef18f8-a8e2-11e6-8597-f9ef43490d96",1
"d20a8140-a4f7-11e6-91a5-1fc490c5cf69",2017-03-19,"7fef18f9-a8e2-11e6-8597-f9ef43490d96",0
"d20a8141-a4f7-11e6-91a5-1fc490c5cf69",2016-12-17,"7fef18fa-a8e2-11e6-8597-f9ef43490d96",1
"d20a8142-a4f7-11e6-91a5-1fc490c5cf69",2017-05-24,"7fef18fb-a8e2-11e6-8597-f9ef43490d96",0
"d20a8143-a4f7-11e6-91a5-1fc490c5cf69",2017-11-08,"7fef18fc-a8e2-11e6-8597-f9ef43490d96",1
"d20a8144-a4f7-11e6-91a5-1fc490c5cf69",2017-05-22,"7fef18fd-a8e2-11e6-8597-f9ef43490d96",0
"d20a8145-a4f7-11e6-91a5-1fc490c5cf69",2017-08-26,"7fef18fe-a8e2-11e6-8597-f9ef43490d96",1
"d20a8146-a4f7-11e6-91a5-1fc490c5cf69",2017-03-19,"7fef18ff-a8e2-11e6-8597-f9ef43490d96",1
"d20a8147-a4f7-11e6-91a5-1fc490c5cf69",2016-12-11,"7fef1900-a8e2-11e6-8597-f9ef43490d96",1
"d20a8148-a4f7-11e6-91a5-1fc490c5cf69",2017-02-02,"7fef1901-a8e2-11e6-8597-f9ef43490d96",0
"d20a8149-a4f7-11e6-91a5-1fc490c5cf69",2017-07-29,"7fef1902-a8e2-11e6-8597-f9ef43490d96",0
"d20a814a-a4f7-11e6-91a5-1fc490c5cf69",2017-04-01,"7fef1903-a8e2-11e6-8597-f9ef43490d96",1
"d20a814b-a4f7-11e6-91a5-1fc490c5cf69",2017-12-29,"7fef1904-a8e2-11e6-8597-f9ef43490d96",1
"d20a814c-a4f7-11e6-91a5-1fc490c5cf69",2017-12-02,"7fef1905-a8e2-11e6-8597-f9ef43490d96",1
"d20a814d-a4f7-11e6-91a5-1fc490c5cf69",2017-10-04,"7fef1906-a8e2-11e6-8597-f9ef43490d96",1
"d20a814e-a4f7-11e6-91a5-1fc490c5cf69",2017-02-03,"7fef1907-a8e2-11e6-8597-f9ef43490d96",0
"d20a814f-a4f7-11e6-91a5-1fc490c5cf69",2016-11-10,"7fef1908-a8e2-11e6-8597-f9ef43490d96",0
"d20a8150-a4f7-11e6-91a5-1fc490c5cf69",2016-12-16,"7fef1909-a8e2-11e6-8597-f9ef43490d96",1
"d20a8151-a4f7-11e6-91a5-1fc490c5cf69",2017-04-06,"7fef190a-a8e2-11e6-8597-f9ef43490d96",1
"d20a8152-a4f7-11e6-91a5-1fc490c5cf69",2017-12-12,"7fef190b-a8e2-11e6-8597-f9ef43490d96",1
"d20a8153-a4f7-11e6-91a5-1fc490c5cf69",2017-06-29,"7fef190c-a8e2-11e6-8597-f9ef43490d96",0
"d20a8154-a4f7-11e6-91a5-1fc490c5cf69",2017-04-20,"7fef190d-a8e2-11e6-8597-f9ef43490d96",1
"d20a8155-a4f7-11e6-91a5-1fc490c5cf69",2017-07-06,"7fef190e-a8e2-11e6-8597-f9ef43490d96",1
"d20a8156-a4f7-11e6-91a5-1fc490c5cf69",2017-01-19,"7fef190f-a8e2-11e6-8597-f9ef43490d96",1
"d20a8157-a4f7-11e6-91a5-1fc490c5cf69",2017-03-14,"7fef1910-a8e2-11e6-8597-f9ef43490d96",1
"d20a8158-a4f7-11e6-91a5-1fc490c5cf69",2017-10-04,"7fef1911-a8e2-11e6-8597-f9ef43490d96",1
"d20a8159-a4f7-11e6-91a5-1fc490c5cf69",2017-05-11,"7fef1912-a8e2-11e6-8597-f9ef43490d96",1
"d20a815a-a4f7-11e6-91a5-1fc490c5cf69",2017-01-09,"7fef1913-a8e2-11e6-8597-f9ef43490d96",1
"d20a815b-a4f7-11e6-91a5-1fc490c5cf69",2016-12-17,"7fef1914-a8e2-11e6-8597-f9ef43490d96",1
"d20a815c-a4f7-11e6-91a5-1fc490c5cf69",2017-03-17,"7fef1915-a8e2-11e6-8597-f9ef43490d96",0
"d20a815d-a4f7-11e6-91a5-1fc490c5cf69",2017-12-31,"7fef1916-a8e2-11e6-8597-f9ef43490d96",1
"d20a815e-a4f7-11e6-91a5-1fc490c5cf69",2017-03-28,"7fef1917-a8e2-11e6-8597-f9ef43490d96",0
"d20a815f-a4f7-11e6-91a5-1fc490c5cf69",2017-02-04,"7fef1918-a8e2-11e6-8597-f9ef43490d96",0
"d20a8160-a4f7-11e6-91a5-1fc490c5cf69",2017-09-15,"7fef1919-a8e2-11e6-8597-f9ef43490d96",1
"d20a8161-a4f7-11e6-91a5-1fc490c5cf69",2017-07-25,"7fef191a-a8e2-11e6-8597-f9ef43490d96",1
"d20a8162-a4f7-11e6-91a5-1fc490c5cf69",2017-05-31,"7fef191b-a8e2-11e6-8597-f9ef43490d96",1
"d20a8163-a4f7-11e6-91a5-1fc490c5cf69",2017-02-23,"7fef191c-a8e2-11e6-8597-f9ef43490d96",0
"d20a8164-a4f7-11e6-91a5-1fc490c5cf69",2016-12-17,"7fef4000-a8e2-11e6-8597-f9ef43490d96",0
"d20a8165-a4f7-11e6-91a5-1fc490c5cf69",2017-06-23,"7fef4001-a8e2-11e6-8597-f9ef43490d96",1
"d20a8166-a4f7-11e6-91a5-1fc490c5cf69",2017-08-01,"7fef4002-a8e2-11e6-8597-f9ef43490d96",0
"d20a8167-a4f7-11e6-91a5-1fc490c5cf69",2017-02-10,"7fef4003-a8e2-11e6-8597-f9ef43490d96",0
"d20a8168-a4f7-11e6-91a5-1fc490c5cf69",2016-12-26,"7fef4004-a8e2-11e6-8597-f9ef43490d96",0
"d20a8169-a4f7-11e6-91a5-1fc490c5cf69",2016-12-30,"7fef4005-a8e2-11e6-8597-f9ef43490d96",0
"d20a816a-a4f7-11e6-91a5-1fc490c5cf69",2017-08-24,"7fef4006-a8e2-11e6-8597-f9ef43490d96",0
"d20a816b-a4f7-11e6-91a5-1fc490c5cf69",2017-12-01,"7fef4007-a8e2-11e6-8597-f9ef43490d96",0
"d20a816c-a4f7-11e6-91a5-1fc490c5cf69",2016-12-20,"7fef4008-a8e2-11e6-8597-f9ef43490d96",0
"d20a816d-a4f7-11e6-91a5-1fc490c5cf69",2017-11-26,"7fef4009-a8e2-11e6-8597-f9ef43490d96",1
"d20a816e-a4f7-11e6-91a5-1fc490c5cf69",2017-08-02,"7fef400a-a8e2-11e6-8597-f9ef43490d96",1
"d20a816f-a4f7-11e6-91a5-1fc490c5cf69",2017-09-13,"7fef400b-a8e2-11e6-8597-f9ef43490d96",1
"d20a8170-a4f7-11e6-91a5-1fc490c5cf69",2016-12-13,"7fef400c-a8e2-11e6-8597-f9ef43490d96",1
"d20a8171-a4f7-11e6-91a5-1fc490c5cf69",2017-06-20,"7fef400d-a8e2-11e6-8597-f9ef43490d96",0
"d20a8172-a4f7-11e6-91a5-1fc490c5cf69",2017-02-20,"7fef400e-a8e2-11e6-8597-f9ef43490d96",0
"d20a8173-a4f7-11e6-91a5-1fc490c5cf69",2017-09-17,"7fef400f-a8e2-11e6-8597-f9ef43490d96",0
"d20a8174-a4f7-11e6-91a5-1fc490c5cf69",2017-04-09,"7fef4010-a8e2-11e6-8597-f9ef43490d96",1
"d20a8175-a4f7-11e6-91a5-1fc490c5cf69",2017-02-02,"7fef4011-a8e2-11e6-8597-f9ef43490d96",0
"d20aa850-a4f7-11e6-91a5-1fc490c5cf69",2017-04-02,"7fef4012-a8e2-11e6-8597-f9ef43490d96",0
"d20aa851-a4f7-11e6-91a5-1fc490c5cf69",2016-12-31,"7fef4013-a8e2-11e6-8597-f9ef43490d96",0
"d20aa852-a4f7-11e6-91a5-1fc490c5cf69",2017-11-23,"7fef6710-a8e2-11e6-8597-f9ef43490d96",0
"d20aa853-a4f7-11e6-91a5-1fc490c5cf69",2017-12-13,"7fef6711-a8e2-11e6-8597-f9ef43490d96",1
"d20aa854-a4f7-11e6-91a5-1fc490c5cf69",2017-12-28,"7fef6712-a8e2-11e6-8597-f9ef43490d96",0
"d20aa855-a4f7-11e6-91a5-1fc490c5cf69",2017-11-08,"7fef6713-a8e2-11e6-8597-f9ef43490d96",0
"d20aa856-a4f7-11e6-91a5-1fc490c5cf69",2017-11-29,"7fef6714-a8e2-11e6-8597-f9ef43490d96",1
"d20aa857-a4f7-11e6-91a5-1fc490c5cf69",2017-01-23,"7fef6715-a8e2-11e6-8597-f9ef43490d96",1
"d20aa858-a4f7-11e6-91a5-1fc490c5cf69",2017-07-26,"7fef6716-a8e2-11e6-8597-f9ef43490d96",0
"d20aa859-a4f7-11e6-91a5-1fc490c5cf69",2017-12-15,"7fef6717-a8e2-11e6-8597-f9ef43490d96",0
"d20aa85a-a4f7-11e6-91a5-1fc490c5cf69",2017-03-20,"7fef6718-a8e2-11e6-8597-f9ef43490d96",0
"d20aa85b-a4f7-11e6-91a5-1fc490c5cf69",2017-09-29,"7fef6719-a8e2-11e6-8597-f9ef43490d96",0
"d20aa85c-a4f7-11e6-91a5-1fc490c5cf69",2017-08-19,"7fef671a-a8e2-11e6-8597-f9ef43490d96",1
"d20aa85d-a4f7-11e6-91a5-1fc490c5cf69",2017-01-14,"7fef671b-a8e2-11e6-8597-f9ef43490d96",1
"d20aa85e-a4f7-11e6-91a5-1fc490c5cf69",2017-11-26,"7fef671c-a8e2-11e6-8597-f9ef43490d96",1
"d20aa85f-a4f7-11e6-91a5-1fc490c5cf69",2017-08-20,"7fef671d-a8e2-11e6-8597-f9ef43490d96",1
"d20aa860-a4f7-11e6-91a5-1fc490c5cf69",2017-03-31,"7fef8e20-a8e2-11e6-8597-f9ef43490d96",0
"d20aa861-a4f7-11e6-91a5-1fc490c5cf69",2016-11-06,"7fef8e21-a8e2-11e6-8597-f9ef43490d96",0
"d20aa862-a4f7-11e6-91a5-1fc490c5cf69",2017-10-01,"7fef8e22-a8e2-11e6-8597-f9ef43490d96",1
"d20aa863-a4f7-11e6-91a5-1fc490c5cf69",2017-01-06,"7fef8e23-a8e2-11e6-8597-f9ef43490d96",0
"d20aa864-a4f7-11e6-91a5-1fc490c5cf69",2017-11-21,"7fef8e24-a8e2-11e6-8597-f9ef43490d96",0
"d20aa865-a4f7-11e6-91a5-1fc490c5cf69",2016-11-13,"7fef8e25-a8e2-11e6-8597-f9ef43490d96",0
"d20aa866-a4f7-11e6-91a5-1fc490c5cf69",2017-08-15,"7fef8e26-a8e2-11e6-8597-f9ef43490d96",0
"d20aa867-a4f7-11e6-91a5-1fc490c5cf69",2017-01-21,"7fef8e27-a8e2-11e6-8597-f9ef43490d96",0
"d20aa868-a4f7-11e6-91a5-1fc490c5cf69",2017-02-27,"7fef8e28-a8e2-11e6-8597-f9ef43490d96",0
"d20aa869-a4f7-11e6-91a5-1fc490c5cf69",2017-06-12,"7fef8e29-a8e2-11e6-8597-f9ef43490d96",1
"d20aa86a-a4f7-11e6-91a5-1fc490c5cf69",2017-09-18,"7fef8e2a-a8e2-11e6-8597-f9ef43490d96",1
"d20aa86b-a4f7-11e6-91a5-1fc490c5cf69",2016-11-16,"7fef8e2b-a8e2-11e6-8597-f9ef43490d96",1
"d20aa86c-a4f7-11e6-91a5-1fc490c5cf69",2017-02-01,"7fef8e2c-a8e2-11e6-8597-f9ef43490d96",1
"d20aa86d-a4f7-11e6-91a5-1fc490c5cf69",2017-09-12,"7fef8e2d-a8e2-11e6-8597-f9ef43490d96",0
"d20aa86e-a4f7-11e6-91a5-1fc490c5cf69",2017-02-19,"7fef8e2e-a8e2-11e6-8597-f9ef43490d96",1
"d20acf60-a4f7-11e6-91a5-1fc490c5cf69",2017-06-08,"7fef8e2f-a8e2-11e6-8597-f9ef43490d96",0
"d20acf61-a4f7-11e6-91a5-1fc490c5cf69",2017-07-15,"7fef8e30-a8e2-11e6-8597-f9ef43490d96",1
"d20acf62-a4f7-11e6-91a5-1fc490c5cf69",2017-06-06,"7fef8e31-a8e2-11e6-8597-f9ef43490d96",1
"d20acf63-a4f7-11e6-91a5-1fc490c5cf69",2017-04-22,"7fef8e32-a8e2-11e6-8597-f9ef43490d96",0
"d20acf64-a4f7-11e6-91a5-1fc490c5cf69",2017-08-22,"7fef8e33-a8e2-11e6-8597-f9ef43490d96",0
"d20acf65-a4f7-11e6-91a5-1fc490c5cf69",2017-07-19,"7fef8e34-a8e2-11e6-8597-f9ef43490d96",1
"d20acf66-a4f7-11e6-91a5-1fc490c5cf69",2017-03-09,"7fef8e35-a8e2-11e6-8597-f9ef43490d96",1
"d20acf67-a4f7-11e6-91a5-1fc490c5cf69",2017-03-18,"7fef8e36-a8e2-11e6-8597-f9ef43490d96",0
"d20acf68-a4f7-11e6-91a5-1fc490c5cf69",2016-11-25,"7fef8e37-a8e2-11e6-8597-f9ef43490d96",1
"d20acf69-a4f7-11e6-91a5-1fc490c5cf69",2017-09-11,"7fef8e38-a8e2-11e6-8597-f9ef43490d96",0
"d20acf6a-a4f7-11e6-91a5-1fc490c5cf69",2017-12-30,"7fef8e39-a8e2-11e6-8597-f9ef43490d96",1
"d20acf6b-a4f7-11e6-91a5-1fc490c5cf69",2017-11-14,"7fef8e3a-a8e2-11e6-8597-f9ef43490d96",1
"d20acf6c-a4f7-11e6-91a5-1fc490c5cf69",2017-11-30,"7fef8e3b-a8e2-11e6-8597-f9ef43490d96",0
"d20acf6d-a4f7-11e6-91a5-1fc490c5cf69",2017-02-17,"7fef8e3c-a8e2-11e6-8597-f9ef43490d96",0
"d20acf6e-a4f7-11e6-91a5-1fc490c5cf69",2017-07-14,"7fef8e3d-a8e2-11e6-8597-f9ef43490d96",0
"d20acf6f-a4f7-11e6-91a5-1fc490c5cf69",2017-05-01,"7fef8e3e-a8e2-11e6-8597-f9ef43490d96",0
"d20acf70-a4f7-11e6-91a5-1fc490c5cf69",2017-03-22,"7fef8e3f-a8e2-11e6-8597-f9ef43490d96",1
"d20acf71-a4f7-11e6-91a5-1fc490c5cf69",2017-07-06,"7fef8e40-a8e2-11e6-8597-f9ef43490d96",1
"d20acf72-a4f7-11e6-91a5-1fc490c5cf69",2017-10-03,"7fef8e41-a8e2-11e6-8597-f9ef43490d96",0
"d20acf73-a4f7-11e6-91a5-1fc490c5cf69",2017-06-23,"7fef8e42-a8e2-11e6-8597-f9ef43490d96",0
"d20acf74-a4f7-11e6-91a5-1fc490c5cf69",2017-09-24,"7fef8e43-a8e2-11e6-8597-f9ef43490d96",1
"d20acf75-a4f7-11e6-91a5-1fc490c5cf69",2016-12-21,"7fef8e44-a8e2-11e6-8597-f9ef43490d96",0
"d20acf76-a4f7-11e6-91a5-1fc490c5cf69",2017-05-03,"7fef8e45-a8e2-11e6-8597-f9ef43490d96",1
"d20acf77-a4f7-11e6-91a5-1fc490c5cf69",2017-11-30,"7fef8e46-a8e2-11e6-8597-f9ef43490d96",1
"d20acf78-a4f7-11e6-91a5-1fc490c5cf69",2016-12-14,"7fef8e47-a8e2-11e6-8597-f9ef43490d96",1
"d20acf79-a4f7-11e6-91a5-1fc490c5cf69",2017-01-20,"7fefb530-a8e2-11e6-8597-f9ef43490d96",0
"d20acf7a-a4f7-11e6-91a5-1fc490c5cf69",2017-12-09,"7fefb531-a8e2-11e6-8597-f9ef43490d96",0
"d20acf7b-a4f7-11e6-91a5-1fc490c5cf69",2017-03-14,"7fefb532-a8e2-11e6-8597-f9ef43490d96",1
"d20acf7c-a4f7-11e6-91a5-1fc490c5cf69",2017-05-02,"7fefb533-a8e2-11e6-8597-f9ef43490d96",0
"d20acf7d-a4f7-11e6-91a5-1fc490c5cf69",2017-06-11,"7fefb534-a8e2-11e6-8597-f9ef43490d96",0
"d20acf7e-a4f7-11e6-91a5-1fc490c5cf69",2017-04-08,"7fefb535-a8e2-11e6-8597-f9ef43490d96",1
"d20acf7f-a4f7-11e6-91a5-1fc490c5cf69",2017-04-16,"7fefb536-a8e2-11e6-8597-f9ef43490d96",1
"d20acf80-a4f7-11e6-91a5-1fc490c5cf69",2017-04-20,"7fefb537-a8e2-11e6-8597-f9ef43490d96",0
"d20acf81-a4f7-11e6-91a5-1fc490c5cf69",2017-06-16,"7fefb538-a8e2-11e6-8597-f9ef43490d96",1
"d20acf82-a4f7-11e6-91a5-1fc490c5cf69",2017-05-18,"7fefb539-a8e2-11e6-8597-f9ef43490d96",1
"d20acf83-a4f7-11e6-91a5-1fc490c5cf69",2017-08-12,"7fefb53a-a8e2-11e6-8597-f9ef43490d96",1
"d20acf84-a4f7-11e6-91a5-1fc490c5cf69",2017-05-05,"7fefb53b-a8e2-11e6-8597-f9ef43490d96",0
"d20acf85-a4f7-11e6-91a5-1fc490c5cf69",2017-11-22,"7fefb53c-a8e2-11e6-8597-f9ef43490d96",1
"d20acf86-a4f7-11e6-91a5-1fc490c5cf69",2017-09-24,"7fefb53d-a8e2-11e6-8597-f9ef43490d96",1
"d20acf87-a4f7-11e6-91a5-1fc490c5cf69",2017-07-20,"7fefb53e-a8e2-11e6-8597-f9ef43490d96",0
"d20acf88-a4f7-11e6-91a5-1fc490c5cf69",2016-11-28,"7fefb53f-a8e2-11e6-8597-f9ef43490d96",1
"d20acf89-a4f7-11e6-91a5-1fc490c5cf69",2016-11-21,"7fefb540-a8e2-11e6-8597-f9ef43490d96",0
"d20acf8a-a4f7-11e6-91a5-1fc490c5cf69",2017-12-18,"7fefb541-a8e2-11e6-8597-f9ef43490d96",1
"d20acf8b-a4f7-11e6-91a5-1fc490c5cf69",2017-07-10,"7fefb542-a8e2-11e6-8597-f9ef43490d96",1
"d20acf8c-a4f7-11e6-91a5-1fc490c5cf69",2017-04-09,"7fefb543-a8e2-11e6-8597-f9ef43490d96",0
"d20acf8d-a4f7-11e6-91a5-1fc490c5cf69",2017-10-03,"7fefb544-a8e2-11e6-8597-f9ef43490d96",1
"d20acf8e-a4f7-11e6-91a5-1fc490c5cf69",2017-11-14,"7fefb545-a8e2-11e6-8597-f9ef43490d96",1
"d20acf8f-a4f7-11e6-91a5-1fc490c5cf69",2017-10-31,"7fefb546-a8e2-11e6-8597-f9ef43490d96",1
"d20acf90-a4f7-11e6-91a5-1fc490c5cf69",2017-09-04,"7fefb547-a8e2-11e6-8597-f9ef43490d96",1
"d20acf91-a4f7-11e6-91a5-1fc490c5cf69",2016-12-26,"7fefb548-a8e2-11e6-8597-f9ef43490d96",0
"d20acf92-a4f7-11e6-91a5-1fc490c5cf69",2017-02-19,"7fefb549-a8e2-11e6-8597-f9ef43490d96",0
"d20acf93-a4f7-11e6-91a5-1fc490c5cf69",2017-01-07,"7fefb54a-a8e2-11e6-8597-f9ef43490d96",0
"d20acf94-a4f7-11e6-91a5-1fc490c5cf69",2017-02-16,"7fefb54b-a8e2-11e6-8597-f9ef43490d96",0
"d20acf95-a4f7-11e6-91a5-1fc490c5cf69",2017-01-30,"7fefb54c-a8e2-11e6-8597-f9ef43490d96",0
"d20acf96-a4f7-11e6-91a5-1fc490c5cf69",2017-03-31,"7fefb54d-a8e2-11e6-8597-f9ef43490d96",1
"d20acf97-a4f7-11e6-91a5-1fc490c5cf69",2017-09-06,"7fefb54e-a8e2-11e6-8597-f9ef43490d96",1
"d20acf98-a4f7-11e6-91a5-1fc490c5cf69",2017-09-11,"7fefb54f-a8e2-11e6-8597-f9ef43490d96",0
"d20acf99-a4f7-11e6-91a5-1fc490c5cf69",2016-12-10,"7fefb550-a8e2-11e6-8597-f9ef43490d96",1
"d20acf9a-a4f7-11e6-91a5-1fc490c5cf69",2017-10-23,"7fefb551-a8e2-11e6-8597-f9ef43490d96",0
"d20acf9b-a4f7-11e6-91a5-1fc490c5cf69",2017-08-05,"7fefb552-a8e2-11e6-8597-f9ef43490d96",1
"d20acf9c-a4f7-11e6-91a5-1fc490c5cf69",2017-09-16,"7fefb553-a8e2-11e6-8597-f9ef43490d96",1
"d20acf9d-a4f7-11e6-91a5-1fc490c5cf69",2017-04-29,"7fefb554-a8e2-11e6-8597-f9ef43490d96",0
"d20acf9e-a4f7-11e6-91a5-1fc490c5cf69",2017-05-06,"7fefb555-a8e2-11e6-8597-f9ef43490d96",0
"d20acf9f-a4f7-11e6-91a5-1fc490c5cf69",2016-11-22,"7fefb556-a8e2-11e6-8597-f9ef43490d96",1
"d20acfa0-a4f7-11e6-91a5-1fc490c5cf69",2016-12-03,"7fefb557-a8e2-11e6-8597-f9ef43490d96",0
"d20acfa1-a4f7-11e6-91a5-1fc490c5cf69",2017-01-05,"7fefdc40-a8e2-11e6-8597-f9ef43490d96",0
"d20acfa2-a4f7-11e6-91a5-1fc490c5cf69",2017-10-14,"7fefdc41-a8e2-11e6-8597-f9ef43490d96",1
"d20acfa3-a4f7-11e6-91a5-1fc490c5cf69",2017-05-24,"7fefdc42-a8e2-11e6-8597-f9ef43490d96",1
"d20acfa4-a4f7-11e6-91a5-1fc490c5cf69",2016-11-16,"7fefdc43-a8e2-11e6-8597-f9ef43490d96",1
"d20acfa5-a4f7-11e6-91a5-1fc490c5cf69",2017-03-15,"7fefdc44-a8e2-11e6-8597-f9ef43490d96",1
"d20acfa6-a4f7-11e6-91a5-1fc490c5cf69",2017-01-31,"7fefdc45-a8e2-11e6-8597-f9ef43490d96",0
"d20acfa7-a4f7-11e6-91a5-1fc490c5cf69",2017-02-01,"7fefdc46-a8e2-11e6-8597-f9ef43490d96",0
"d20acfa8-a4f7-11e6-91a5-1fc490c5cf69",2016-11-10,"7fefdc47-a8e2-11e6-8597-f9ef43490d96",0
"d20acfa9-a4f7-11e6-91a5-1fc490c5cf69",2017-01-17,"7fefdc48-a8e2-11e6-8597-f9ef43490d96",0
"d20acfaa-a4f7-11e6-91a5-1fc490c5cf69",2017-12-27,"7fefdc49-a8e2-11e6-8597-f9ef43490d96",1
"d20acfab-a4f7-11e6-91a5-1fc490c5cf69",2017-06-05,"7fefdc4a-a8e2-11e6-8597-f9ef43490d96",1
"d20acfac-a4f7-11e6-91a5-1fc490c5cf69",2017-08-20,"7fefdc4b-a8e2-11e6-8597-f9ef43490d96",0
"d20acfad-a4f7-11e6-91a5-1fc490c5cf69",2017-09-23,"7fefdc4c-a8e2-11e6-8597-f9ef43490d96",1
"d20acfae-a4f7-11e6-91a5-1fc490c5cf69",2017-08-11,"7fefdc4d-a8e2-11e6-8597-f9ef43490d96",0
"d20acfaf-a4f7-11e6-91a5-1fc490c5cf69",2017-07-30,"7fefdc4e-a8e2-11e6-8597-f9ef43490d96",0
"d20acfb0-a4f7-11e6-91a5-1fc490c5cf69",2017-01-14,"7fefdc4f-a8e2-11e6-8597-f9ef43490d96",0
"d20acfb1-a4f7-11e6-91a5-1fc490c5cf69",2017-10-10,"7fefdc50-a8e2-11e6-8597-f9ef43490d96",1
"d20acfb2-a4f7-11e6-91a5-1fc490c5cf69",2017-06-03,"7fefdc51-a8e2-11e6-8597-f9ef43490d96",1
"d20acfb3-a4f7-11e6-91a5-1fc490c5cf69",2017-11-11,"7fefdc52-a8e2-11e6-8597-f9ef43490d96",0
"d20acfb4-a4f7-11e6-91a5-1fc490c5cf69",2017-02-01,"7fefdc53-a8e2-11e6-8597-f9ef43490d96",0
"d20acfb5-a4f7-11e6-91a5-1fc490c5cf69",2017-12-07,"7fefdc54-a8e2-11e6-8597-f9ef43490d96",1
"d20acfb6-a4f7-11e6-91a5-1fc490c5cf69",2017-01-07,"7fefdc55-a8e2-11e6-8597-f9ef43490d96",1
"d20acfb7-a4f7-11e6-91a5-1fc490c5cf69",2016-11-07,"7fefdc56-a8e2-11e6-8597-f9ef43490d96",1
"d20acfb8-a4f7-11e6-91a5-1fc490c5cf69",2017-03-26,"7fefdc57-a8e2-11e6-8597-f9ef43490d96",0
"d20acfb9-a4f7-11e6-91a5-1fc490c5cf69",2017-02-11,"7fefdc58-a8e2-11e6-8597-f9ef43490d96",1
"d20acfba-a4f7-11e6-91a5-1fc490c5cf69",2017-10-12,"7fefdc59-a8e2-11e6-8597-f9ef43490d96",0
"d20acfbb-a4f7-11e6-91a5-1fc490c5cf69",2017-08-14,"7fefdc5a-a8e2-11e6-8597-f9ef43490d96",1
"d20acfbc-a4f7-11e6-91a5-1fc490c5cf69",2017-11-25,"7fefdc5b-a8e2-11e6-8597-f9ef43490d96",0
"d20acfbd-a4f7-11e6-91a5-1fc490c5cf69",2017-08-10,"7fefdc5c-a8e2-11e6-8597-f9ef43490d96",1
"d20acfbe-a4f7-11e6-91a5-1fc490c5cf69",2017-12-31,"7fefdc5d-a8e2-11e6-8597-f9ef43490d96",0
"d20acfbf-a4f7-11e6-91a5-1fc490c5cf69",2017-03-10,"7fefdc5e-a8e2-11e6-8597-f9ef43490d96",1
"d20acfc0-a4f7-11e6-91a5-1fc490c5cf69",2016-11-15,"7fefdc5f-a8e2-11e6-8597-f9ef43490d96",0
"d20acfc1-a4f7-11e6-91a5-1fc490c5cf69",2017-05-29,"7fefdc60-a8e2-11e6-8597-f9ef43490d96",1
"d20acfc2-a4f7-11e6-91a5-1fc490c5cf69",2017-06-21,"7fefdc61-a8e2-11e6-8597-f9ef43490d96",0
"d20acfc3-a4f7-11e6-91a5-1fc490c5cf69",2017-09-09,"7fefdc62-a8e2-11e6-8597-f9ef43490d96",0
"d20acfc4-a4f7-11e6-91a5-1fc490c5cf69",2017-02-10,"7fefdc63-a8e2-11e6-8597-f9ef43490d96",0
"d20acfc5-a4f7-11e6-91a5-1fc490c5cf69",2017-09-22,"7fefdc64-a8e2-11e6-8597-f9ef43490d96",1
"d20acfc6-a4f7-11e6-91a5-1fc490c5cf69",2016-11-16,"7fefdc65-a8e2-11e6-8597-f9ef43490d96",0
"d20acfc7-a4f7-11e6-91a5-1fc490c5cf69",2017-02-01,"7fefdc66-a8e2-11e6-8597-f9ef43490d96",1
"d20acfc8-a4f7-11e6-91a5-1fc490c5cf69",2017-12-01,"7fefdc67-a8e2-11e6-8597-f9ef43490d96",0
"d20acfc9-a4f7-11e6-91a5-1fc490c5cf69",2017-03-24,"7ff00350-a8e2-11e6-8597-f9ef43490d96",1
"d20acfca-a4f7-11e6-91a5-1fc490c5cf69",2017-12-19,"7ff00351-a8e2-11e6-8597-f9ef43490d96",0
"d20acfcb-a4f7-11e6-91a5-1fc490c5cf69",2017-02-19,"7ff00352-a8e2-11e6-8597-f9ef43490d96",0
"d20acfcc-a4f7-11e6-91a5-1fc490c5cf69",2016-12-07,"7ff00353-a8e2-11e6-8597-f9ef43490d96",1
"d20acfcd-a4f7-11e6-91a5-1fc490c5cf69",2016-12-01,"7ff00354-a8e2-11e6-8597-f9ef43490d96",0
"d20acfce-a4f7-11e6-91a5-1fc490c5cf69",2017-05-31,"7ff00355-a8e2-11e6-8597-f9ef43490d96",0
"d20acfcf-a4f7-11e6-91a5-1fc490c5cf69",2017-12-10,"7ff00356-a8e2-11e6-8597-f9ef43490d96",1
"d20acfd0-a4f7-11e6-91a5-1fc490c5cf69",2017-04-23,"7ff00357-a8e2-11e6-8597-f9ef43490d96",0
"d20acfd1-a4f7-11e6-91a5-1fc490c5cf69",2017-09-07,"7ff00358-a8e2-11e6-8597-f9ef43490d96",0
"d20acfd2-a4f7-11e6-91a5-1fc490c5cf69",2017-04-07,"7ff00359-a8e2-11e6-8597-f9ef43490d96",0
"d20acfd3-a4f7-11e6-91a5-1fc490c5cf69",2017-03-20,"7ff0035a-a8e2-11e6-8597-f9ef43490d96",0
"d20acfd4-a4f7-11e6-91a5-1fc490c5cf69",2017-09-03,"7ff0035b-a8e2-11e6-8597-f9ef43490d96",0
"d20acfd5-a4f7-11e6-91a5-1fc490c5cf69",2017-06-08,"7ff0035c-a8e2-11e6-8597-f9ef43490d96",0
"d20acfd6-a4f7-11e6-91a5-1fc490c5cf69",2017-12-25,"7ff0035d-a8e2-11e6-8597-f9ef43490d96",1
"d20acfd7-a4f7-11e6-91a5-1fc490c5cf69",2017-02-19,"7ff0035e-a8e2-11e6-8597-f9ef43490d96",0
"d20acfd8-a4f7-11e6-91a5-1fc490c5cf69",2017-09-25,"7ff0035f-a8e2-11e6-8597-f9ef43490d96",1
"d20af670-a4f7-11e6-91a5-1fc490c5cf69",2017-10-31,"7ff02a60-a8e2-11e6-8597-f9ef43490d96",0
"d20af671-a4f7-11e6-91a5-1fc490c5cf69",2017-01-20,"7ff02a61-a8e2-11e6-8597-f9ef43490d96",1
"d20af672-a4f7-11e6-91a5-1fc490c5cf69",2017-04-02,"7ff02a62-a8e2-11e6-8597-f9ef43490d96",0
"d20af673-a4f7-11e6-91a5-1fc490c5cf69",2017-04-11,"7ff02a63-a8e2-11e6-8597-f9ef43490d96",1
"d20af674-a4f7-11e6-91a5-1fc490c5cf69",2017-09-30,"7ff02a64-a8e2-11e6-8597-f9ef43490d96",0
"d20af675-a4f7-11e6-91a5-1fc490c5cf69",2017-04-19,"7ff02a65-a8e2-11e6-8597-f9ef43490d96",1
"d20af676-a4f7-11e6-91a5-1fc490c5cf69",2017-05-01,"7ff02a66-a8e2-11e6-8597-f9ef43490d96",0
"d20af677-a4f7-11e6-91a5-1fc490c5cf69",2017-11-07,"7ff02a67-a8e2-11e6-8597-f9ef43490d96",0
"d20af678-a4f7-11e6-91a5-1fc490c5cf69",2017-10-20,"7ff02a68-a8e2-11e6-8597-f9ef43490d96",0
"d20af679-a4f7-11e6-91a5-1fc490c5cf69",2017-03-08,"7ff02a69-a8e2-11e6-8597-f9ef43490d96",1
"d20af67a-a4f7-11e6-91a5-1fc490c5cf69",2017-06-26,"7ff02a6a-a8e2-11e6-8597-f9ef43490d96",0
"d20af67b-a4f7-11e6-91a5-1fc490c5cf69",2017-12-07,"7ff02a6b-a8e2-11e6-8597-f9ef43490d96",1
"d20af67c-a4f7-11e6-91a5-1fc490c5cf69",2017-10-04,"7ff02a6c-a8e2-11e6-8597-f9ef43490d96",0
"d20af67d-a4f7-11e6-91a5-1fc490c5cf69",2017-08-26,"7ff02a6d-a8e2-11e6-8597-f9ef43490d96",0
"d20af67e-a4f7-11e6-91a5-1fc490c5cf69",2017-02-23,"7ff02a6e-a8e2-11e6-8597-f9ef43490d96",0
"d20af67f-a4f7-11e6-91a5-1fc490c5cf69",2017-12-26,"7ff02a6f-a8e2-11e6-8597-f9ef43490d96",1
"d20af680-a4f7-11e6-91a5-1fc490c5cf69",2017-02-16,"7ff02a70-a8e2-11e6-8597-f9ef43490d96",0
"d20af681-a4f7-11e6-91a5-1fc490c5cf69",2017-06-16,"7ff02a71-a8e2-11e6-8597-f9ef43490d96",0
"d20af682-a4f7-11e6-91a5-1fc490c5cf69",2016-12-23,"7ff02a72-a8e2-11e6-8597-f9ef43490d96",1
"d20af683-a4f7-11e6-91a5-1fc490c5cf69",2017-07-28,"7ff02a73-a8e2-11e6-8597-f9ef43490d96",1
"d20af684-a4f7-11e6-91a5-1fc490c5cf69",2016-11-20,"7ff02a74-a8e2-11e6-8597-f9ef43490d96",0
"d20af685-a4f7-11e6-91a5-1fc490c5cf69",2017-01-31,"7ff02a75-a8e2-11e6-8597-f9ef43490d96",1
"d20af686-a4f7-11e6-91a5-1fc490c5cf69",2017-06-11,"7ff02a76-a8e2-11e6-8597-f9ef43490d96",1
"d20af687-a4f7-11e6-91a5-1fc490c5cf69",2017-02-02,"7ff02a77-a8e2-11e6-8597-f9ef43490d96",1
"d20af688-a4f7-11e6-91a5-1fc490c5cf69",2017-08-09,"7ff02a78-a8e2-11e6-8597-f9ef43490d96",1
"d20af689-a4f7-11e6-91a5-1fc490c5cf69",2017-02-04,"7ff02a79-a8e2-11e6-8597-f9ef43490d96",0
"d20af68a-a4f7-11e6-91a5-1fc490c5cf69",2017-03-31,"7ff02a7a-a8e2-11e6-8597-f9ef43490d96",0
"d20af68b-a4f7-11e6-91a5-1fc490c5cf69",2017-03-14,"7ff02a7b-a8e2-11e6-8597-f9ef43490d96",1
"d20af68c-a4f7-11e6-91a5-1fc490c5cf69",2017-08-02,"7ff02a7c-a8e2-11e6-8597-f9ef43490d96",1
"d20af68d-a4f7-11e6-91a5-1fc490c5cf69",2017-12-18,"7ff02a7d-a8e2-11e6-8597-f9ef43490d96",1
"d20af68e-a4f7-11e6-91a5-1fc490c5cf69",2017-07-24,"7ff02a7e-a8e2-11e6-8597-f9ef43490d96",0
"d20af68f-a4f7-11e6-91a5-1fc490c5cf69",2017-08-07,"7ff02a7f-a8e2-11e6-8597-f9ef43490d96",0
"d20af690-a4f7-11e6-91a5-1fc490c5cf69",2017-08-24,"7ff02a80-a8e2-11e6-8597-f9ef43490d96",0
"d20af691-a4f7-11e6-91a5-1fc490c5cf69",2017-06-12,"7ff02a81-a8e2-11e6-8597-f9ef43490d96",1
"d20af692-a4f7-11e6-91a5-1fc490c5cf69",2017-01-28,"7ff02a82-a8e2-11e6-8597-f9ef43490d96",1
"d20af693-a4f7-11e6-91a5-1fc490c5cf69",2017-10-06,"7ff02a83-a8e2-11e6-8597-f9ef43490d96",0
"d20af694-a4f7-11e6-91a5-1fc490c5cf69",2017-08-24,"7ff02a84-a8e2-11e6-8597-f9ef43490d96",1
"d20af695-a4f7-11e6-91a5-1fc490c5cf69",2017-11-01,"7ff02a85-a8e2-11e6-8597-f9ef43490d96",1
"d20af696-a4f7-11e6-91a5-1fc490c5cf69",2017-08-20,"7ff02a86-a8e2-11e6-8597-f9ef43490d96",0
"d20af697-a4f7-11e6-91a5-1fc490c5cf69",2017-06-22,"7ff02a87-a8e2-11e6-8597-f9ef43490d96",0
"d20af698-a4f7-11e6-91a5-1fc490c5cf69",2017-12-24,"7ff02a88-a8e2-11e6-8597-f9ef43490d96",0
"d20af699-a4f7-11e6-91a5-1fc490c5cf69",2017-01-28,"7ff02a89-a8e2-11e6-8597-f9ef43490d96",1
"d20af69a-a4f7-11e6-91a5-1fc490c5cf69",2017-12-22,"7ff02a8a-a8e2-11e6-8597-f9ef43490d96",0
"d20af69b-a4f7-11e6-91a5-1fc490c5cf69",2017-08-04,"7ff02a8b-a8e2-11e6-8597-f9ef43490d96",0
"d20af69c-a4f7-11e6-91a5-1fc490c5cf69",2017-05-31,"7ff02a8c-a8e2-11e6-8597-f9ef43490d96",1
"d20af69d-a4f7-11e6-91a5-1fc490c5cf69",2017-04-19,"7ff02a8d-a8e2-11e6-8597-f9ef43490d96",0
"d20af69e-a4f7-11e6-91a5-1fc490c5cf69",2017-08-27,"7ff02a8e-a8e2-11e6-8597-f9ef43490d96",0
"d20af69f-a4f7-11e6-91a5-1fc490c5cf69",2017-05-07,"7ff02a8f-a8e2-11e6-8597-f9ef43490d96",1
"d20af6a0-a4f7-11e6-91a5-1fc490c5cf69",2017-09-15,"7ff02a90-a8e2-11e6-8597-f9ef43490d96",0
"d20af6a1-a4f7-11e6-91a5-1fc490c5cf69",2017-05-02,"7ff02a91-a8e2-11e6-8597-f9ef43490d96",0
"d20af6a2-a4f7-11e6-91a5-1fc490c5cf69",2017-05-05,"7ff02a92-a8e2-11e6-8597-f9ef43490d96",0
"d20af6a3-a4f7-11e6-91a5-1fc490c5cf69",2016-11-19,"7ff02a93-a8e2-11e6-8597-f9ef43490d96",1
"d20af6a4-a4f7-11e6-91a5-1fc490c5cf69",2017-04-12,"7ff02a94-a8e2-11e6-8597-f9ef43490d96",0
"d20af6a5-a4f7-11e6-91a5-1fc490c5cf69",2017-01-02,"7ff02a95-a8e2-11e6-8597-f9ef43490d96",0
"d20af6a6-a4f7-11e6-91a5-1fc490c5cf69",2017-02-01,"7ff02a96-a8e2-11e6-8597-f9ef43490d96",1
"d20af6a7-a4f7-11e6-91a5-1fc490c5cf69",2017-06-03,"7ff02a97-a8e2-11e6-8597-f9ef43490d96",0
"d20af6a8-a4f7-11e6-91a5-1fc490c5cf69",2017-08-20,"7ff02a98-a8e2-11e6-8597-f9ef43490d96",0
"d20af6a9-a4f7-11e6-91a5-1fc490c5cf69",2017-10-01,"7ff02a99-a8e2-11e6-8597-f9ef43490d96",1
"d20af6aa-a4f7-11e6-91a5-1fc490c5cf69",2017-11-01,"7ff02a9a-a8e2-11e6-8597-f9ef43490d96",0
"d20af6ab-a4f7-11e6-91a5-1fc490c5cf69",2017-09-20,"7ff02a9b-a8e2-11e6-8597-f9ef43490d96",1
"d20af6ac-a4f7-11e6-91a5-1fc490c5cf69",2017-05-08,"7ff02a9c-a8e2-11e6-8597-f9ef43490d96",0
"d20af6ad-a4f7-11e6-91a5-1fc490c5cf69",2017-07-25,"7ff02a9d-a8e2-11e6-8597-f9ef43490d96",0
"d20af6ae-a4f7-11e6-91a5-1fc490c5cf69",2017-07-29,"7ff02a9e-a8e2-11e6-8597-f9ef43490d96",1
"d20af6af-a4f7-11e6-91a5-1fc490c5cf69",2017-12-18,"7ff02a9f-a8e2-11e6-8597-f9ef43490d96",0
"d20af6b0-a4f7-11e6-91a5-1fc490c5cf69",2017-12-24,"7ff02aa0-a8e2-11e6-8597-f9ef43490d96",0
"d20af6b1-a4f7-11e6-91a5-1fc490c5cf69",2017-12-27,"7ff02aa1-a8e2-11e6-8597-f9ef43490d96",1
"d20af6b2-a4f7-11e6-91a5-1fc490c5cf69",2016-12-21,"7ff02aa2-a8e2-11e6-8597-f9ef43490d96",0
"d20af6b3-a4f7-11e6-91a5-1fc490c5cf69",2017-11-02,"7ff02aa3-a8e2-11e6-8597-f9ef43490d96",0
"d20af6b4-a4f7-11e6-91a5-1fc490c5cf69",2017-08-02,"7ff02aa4-a8e2-11e6-8597-f9ef43490d96",1
"d20af6b5-a4f7-11e6-91a5-1fc490c5cf69",2017-04-01,"7ff02aa5-a8e2-11e6-8597-f9ef43490d96",0
"d20af6b6-a4f7-11e6-91a5-1fc490c5cf69",2017-01-29,"7ff02aa6-a8e2-11e6-8597-f9ef43490d96",0
"d20af6b7-a4f7-11e6-91a5-1fc490c5cf69",2017-09-20,"7ff02aa7-a8e2-11e6-8597-f9ef43490d96",1
"d20af6b8-a4f7-11e6-91a5-1fc490c5cf69",2017-08-13,"7ff02aa8-a8e2-11e6-8597-f9ef43490d96",1
"d20af6b9-a4f7-11e6-91a5-1fc490c5cf69",2017-09-01,"7ff02aa9-a8e2-11e6-8597-f9ef43490d96",0
"d20af6ba-a4f7-11e6-91a5-1fc490c5cf69",2017-05-23,"7ff02aaa-a8e2-11e6-8597-f9ef43490d96",0
"d20af6bb-a4f7-11e6-91a5-1fc490c5cf69",2016-12-02,"7ff02aab-a8e2-11e6-8597-f9ef43490d96",1
"d20af6bc-a4f7-11e6-91a5-1fc490c5cf69",2017-10-27,"7ff02aac-a8e2-11e6-8597-f9ef43490d96",0
"d20af6bd-a4f7-11e6-91a5-1fc490c5cf69",2017-04-24,"7ff02aad-a8e2-11e6-8597-f9ef43490d96",0
"d20af6be-a4f7-11e6-91a5-1fc490c5cf69",2017-02-18,"7ff02aae-a8e2-11e6-8597-f9ef43490d96",0
"d20af6bf-a4f7-11e6-91a5-1fc490c5cf69",2017-10-09,"7ff02aaf-a8e2-11e6-8597-f9ef43490d96",1
"d20af6c0-a4f7-11e6-91a5-1fc490c5cf69",2017-03-28,"7ff02ab0-a8e2-11e6-8597-f9ef43490d96",1
"d20af6c1-a4f7-11e6-91a5-1fc490c5cf69",2017-06-29,"7ff05170-a8e2-11e6-8597-f9ef43490d96",1
"d20af6c2-a4f7-11e6-91a5-1fc490c5cf69",2017-06-16,"7ff05171-a8e2-11e6-8597-f9ef43490d96",0
"d20af6c3-a4f7-11e6-91a5-1fc490c5cf69",2017-05-25,"7ff05172-a8e2-11e6-8597-f9ef43490d96",0
"d20af6c4-a4f7-11e6-91a5-1fc490c5cf69",2016-12-31,"7ff05173-a8e2-11e6-8597-f9ef43490d96",1
"d20af6c5-a4f7-11e6-91a5-1fc490c5cf69",2017-11-17,"7ff05174-a8e2-11e6-8597-f9ef43490d96",0
"d20af6c6-a4f7-11e6-91a5-1fc490c5cf69",2017-09-21,"7ff05175-a8e2-11e6-8597-f9ef43490d96",1
"d20af6c7-a4f7-11e6-91a5-1fc490c5cf69",2017-01-08,"7ff05176-a8e2-11e6-8597-f9ef43490d96",1
"d20af6c8-a4f7-11e6-91a5-1fc490c5cf69",2017-11-12,"7ff05177-a8e2-11e6-8597-f9ef43490d96",1
"d20af6c9-a4f7-11e6-91a5-1fc490c5cf69",2017-08-24,"7ff05178-a8e2-11e6-8597-f9ef43490d96",0
"d20af6ca-a4f7-11e6-91a5-1fc490c5cf69",2016-12-08,"7ff05179-a8e2-11e6-8597-f9ef43490d96",1
"d20af6cb-a4f7-11e6-91a5-1fc490c5cf69",2017-08-11,"7ff0517a-a8e2-11e6-8597-f9ef43490d96",1
"d20af6cc-a4f7-11e6-91a5-1fc490c5cf69",2017-05-11,"7ff0517b-a8e2-11e6-8597-f9ef43490d96",0
"d20af6cd-a4f7-11e6-91a5-1fc490c5cf69",2017-12-27,"7ff0517c-a8e2-11e6-8597-f9ef43490d96",1
"d20af6ce-a4f7-11e6-91a5-1fc490c5cf69",2017-12-22,"7ff0517d-a8e2-11e6-8597-f9ef43490d96",1
"d20af6cf-a4f7-11e6-91a5-1fc490c5cf69",2017-09-02,"7ff0517e-a8e2-11e6-8597-f9ef43490d96",1
"d20af6d0-a4f7-11e6-91a5-1fc490c5cf69",2017-11-08,"7ff0517f-a8e2-11e6-8597-f9ef43490d96",0
"d20af6d1-a4f7-11e6-91a5-1fc490c5cf69",2017-03-14,"7ff05180-a8e2-11e6-8597-f9ef43490d96",0
"d20af6d2-a4f7-11e6-91a5-1fc490c5cf69",2017-05-16,"7ff05181-a8e2-11e6-8597-f9ef43490d96",1
"d20af6d3-a4f7-11e6-91a5-1fc490c5cf69",2016-11-10,"7ff05182-a8e2-11e6-8597-f9ef43490d96",1
"d20af6d4-a4f7-11e6-91a5-1fc490c5cf69",2017-07-26,"7ff05183-a8e2-11e6-8597-f9ef43490d96",0
"d20af6d5-a4f7-11e6-91a5-1fc490c5cf69",2017-03-02,"7ff05184-a8e2-11e6-8597-f9ef43490d96",0
"d20af6d6-a4f7-11e6-91a5-1fc490c5cf69",2017-10-28,"7ff05185-a8e2-11e6-8597-f9ef43490d96",0
"d20af6d7-a4f7-11e6-91a5-1fc490c5cf69",2017-01-09,"7ff05186-a8e2-11e6-8597-f9ef43490d96",0
"d20af6d8-a4f7-11e6-91a5-1fc490c5cf69",2016-12-22,"7ff05187-a8e2-11e6-8597-f9ef43490d96",0
"d20af6d9-a4f7-11e6-91a5-1fc490c5cf69",2017-08-14,"7ff05188-a8e2-11e6-8597-f9ef43490d96",0
"d20af6da-a4f7-11e6-91a5-1fc490c5cf69",2016-11-10,"7ff05189-a8e2-11e6-8597-f9ef43490d96",0
"d20af6db-a4f7-11e6-91a5-1fc490c5cf69",2017-04-19,"7ff0518a-a8e2-11e6-8597-f9ef43490d96",1
"d20af6dc-a4f7-11e6-91a5-1fc490c5cf69",2016-11-19,"7ff0518b-a8e2-11e6-8597-f9ef43490d96",1
"d20af6dd-a4f7-11e6-91a5-1fc490c5cf69",2017-11-16,"7ff0518c-a8e2-11e6-8597-f9ef43490d96",1
"d20af6de-a4f7-11e6-91a5-1fc490c5cf69",2017-02-12,"7ff0518d-a8e2-11e6-8597-f9ef43490d96",1
"d20af6df-a4f7-11e6-91a5-1fc490c5cf69",2017-05-29,"7ff0518e-a8e2-11e6-8597-f9ef43490d96",1
"d20af6e0-a4f7-11e6-91a5-1fc490c5cf69",2017-10-22,"7ff0518f-a8e2-11e6-8597-f9ef43490d96",0
"d20af6e1-a4f7-11e6-91a5-1fc490c5cf69",2017-04-21,"7ff05190-a8e2-11e6-8597-f9ef43490d96",0
"d20af6e2-a4f7-11e6-91a5-1fc490c5cf69",2017-05-16,"7ff05191-a8e2-11e6-8597-f9ef43490d96",1
"d20af6e3-a4f7-11e6-91a5-1fc490c5cf69",2017-12-11,"7ff05192-a8e2-11e6-8597-f9ef43490d96",0
"d20af6e4-a4f7-11e6-91a5-1fc490c5cf69",2017-11-20,"7ff05193-a8e2-11e6-8597-f9ef43490d96",1
"d20af6e5-a4f7-11e6-91a5-1fc490c5cf69",2017-08-18,"7ff05194-a8e2-11e6-8597-f9ef43490d96",1
"d20af6e6-a4f7-11e6-91a5-1fc490c5cf69",2016-12-17,"7ff05195-a8e2-11e6-8597-f9ef43490d96",1
"d20af6e7-a4f7-11e6-91a5-1fc490c5cf69",2017-11-07,"7ff05196-a8e2-11e6-8597-f9ef43490d96",0
"d20af6e8-a4f7-11e6-91a5-1fc490c5cf69",2017-06-09,"7ff05197-a8e2-11e6-8597-f9ef43490d96",1
"d20af6e9-a4f7-11e6-91a5-1fc490c5cf69",2017-05-15,"7ff05198-a8e2-11e6-8597-f9ef43490d96",0
"d20af6ea-a4f7-11e6-91a5-1fc490c5cf69",2017-09-29,"7ff05199-a8e2-11e6-8597-f9ef43490d96",1
"d20af6eb-a4f7-11e6-91a5-1fc490c5cf69",2016-12-24,"7ff0519a-a8e2-11e6-8597-f9ef43490d96",0
"d20af6ec-a4f7-11e6-91a5-1fc490c5cf69",2017-12-29,"7ff0519b-a8e2-11e6-8597-f9ef43490d96",0
"d20af6ed-a4f7-11e6-91a5-1fc490c5cf69",2017-11-22,"7ff0519c-a8e2-11e6-8597-f9ef43490d96",0
"d20af6ee-a4f7-11e6-91a5-1fc490c5cf69",2017-11-24,"7ff0519d-a8e2-11e6-8597-f9ef43490d96",1
"d20af6ef-a4f7-11e6-91a5-1fc490c5cf69",2017-01-15,"7ff0519e-a8e2-11e6-8597-f9ef43490d96",0
"d20af6f0-a4f7-11e6-91a5-1fc490c5cf69",2017-03-11,"7ff0519f-a8e2-11e6-8597-f9ef43490d96",1
"d20af6f1-a4f7-11e6-91a5-1fc490c5cf69",2017-09-09,"7ff051a0-a8e2-11e6-8597-f9ef43490d96",1
"d20af6f2-a4f7-11e6-91a5-1fc490c5cf69",2016-11-12,"7ff051a1-a8e2-11e6-8597-f9ef43490d96",1
"d20af6f3-a4f7-11e6-91a5-1fc490c5cf69",2017-07-29,"7ff051a2-a8e2-11e6-8597-f9ef43490d96",0
"d20af6f4-a4f7-11e6-91a5-1fc490c5cf69",2017-08-18,"7ff051a3-a8e2-11e6-8597-f9ef43490d96",1
"d20af6f5-a4f7-11e6-91a5-1fc490c5cf69",2017-09-30,"7ff051a4-a8e2-11e6-8597-f9ef43490d96",1
"d20af6f6-a4f7-11e6-91a5-1fc490c5cf69",2017-11-17,"7ff051a5-a8e2-11e6-8597-f9ef43490d96",1
"d20af6f7-a4f7-11e6-91a5-1fc490c5cf69",2017-03-10,"7ff051a6-a8e2-11e6-8597-f9ef43490d96",1
"d20af6f8-a4f7-11e6-91a5-1fc490c5cf69",2017-02-20,"7ff051a7-a8e2-11e6-8597-f9ef43490d96",0
"d20af6f9-a4f7-11e6-91a5-1fc490c5cf69",2017-01-01,"7ff051a8-a8e2-11e6-8597-f9ef43490d96",0
"d20af6fa-a4f7-11e6-91a5-1fc490c5cf69",2017-07-06,"7ff051a9-a8e2-11e6-8597-f9ef43490d96",0
"d20af6fb-a4f7-11e6-91a5-1fc490c5cf69",2017-01-15,"7ff051aa-a8e2-11e6-8597-f9ef43490d96",1
"d20af6fc-a4f7-11e6-91a5-1fc490c5cf69",2017-11-03,"7ff051ab-a8e2-11e6-8597-f9ef43490d96",0
"d20af6fd-a4f7-11e6-91a5-1fc490c5cf69",2017-04-13,"7ff051ac-a8e2-11e6-8597-f9ef43490d96",1
"d20af6fe-a4f7-11e6-91a5-1fc490c5cf69",2017-01-05,"7ff051ad-a8e2-11e6-8597-f9ef43490d96",1
"d20af6ff-a4f7-11e6-91a5-1fc490c5cf69",2017-05-05,"7ff051ae-a8e2-11e6-8597-f9ef43490d96",1
"d20af700-a4f7-11e6-91a5-1fc490c5cf69",2017-09-22,"7ff051af-a8e2-11e6-8597-f9ef43490d96",1
"d20af701-a4f7-11e6-91a5-1fc490c5cf69",2016-12-26,"7ff051b0-a8e2-11e6-8597-f9ef43490d96",1
"d20af702-a4f7-11e6-91a5-1fc490c5cf69",2017-06-14,"7ff051b1-a8e2-11e6-8597-f9ef43490d96",0
"d20af703-a4f7-11e6-91a5-1fc490c5cf69",2017-05-31,"7ff051b2-a8e2-11e6-8597-f9ef43490d96",0
"d20af704-a4f7-11e6-91a5-1fc490c5cf69",2017-10-16,"7ff051b3-a8e2-11e6-8597-f9ef43490d96",0
"d20af705-a4f7-11e6-91a5-1fc490c5cf69",2017-12-05,"7ff051b4-a8e2-11e6-8597-f9ef43490d96",1
"d20af706-a4f7-11e6-91a5-1fc490c5cf69",2017-01-13,"7ff051b5-a8e2-11e6-8597-f9ef43490d96",0
"d20af707-a4f7-11e6-91a5-1fc490c5cf69",2017-12-23,"7ff051b6-a8e2-11e6-8597-f9ef43490d96",1
"d20af708-a4f7-11e6-91a5-1fc490c5cf69",2016-11-23,"7ff051b7-a8e2-11e6-8597-f9ef43490d96",1
"d20af709-a4f7-11e6-91a5-1fc490c5cf69",2017-04-20,"7ff051b8-a8e2-11e6-8597-f9ef43490d96",0
"d20af70a-a4f7-11e6-91a5-1fc490c5cf69",2017-01-05,"7ff051b9-a8e2-11e6-8597-f9ef43490d96",0
"d20af70b-a4f7-11e6-91a5-1fc490c5cf69",2017-05-18,"7ff051ba-a8e2-11e6-8597-f9ef43490d96",0
"d20af70c-a4f7-11e6-91a5-1fc490c5cf69",2017-04-05,"7ff051bb-a8e2-11e6-8597-f9ef43490d96",1
"d20af70d-a4f7-11e6-91a5-1fc490c5cf69",2017-06-22,"7ff051bc-a8e2-11e6-8597-f9ef43490d96",1
"d20af70e-a4f7-11e6-91a5-1fc490c5cf69",2017-10-23,"7ff051bd-a8e2-11e6-8597-f9ef43490d96",1
"d20af70f-a4f7-11e6-91a5-1fc490c5cf69",2017-08-07,"7ff051be-a8e2-11e6-8597-f9ef43490d96",0
